,id,data_inversa,dia_semana,horario,uf,br,km,municipio,causa_acidente,tipo_acidente,classificacao_acidente,fase_dia,sentido_via,condicao_metereologica,tipo_pista,tracado_via,uso_solo,pessoas,mortos,feridos_leves,feridos_graves,ilesos,ignorados,feridos,veiculos,latitude,longitude,regional,delegacia,uop,rounded_datetime,rain,temperature_2m,apparent_temperature,relativehumidity_2m,cloudcover,windspeed_10m,is_day
31753,447508,2/13/2022,domingo,10:05:00,SP,116.0,133.0,CACAPAVA,Ausência de reação do condutor,Capotamento,Com Vítimas Feridas,Pleno dia,Crescente,Céu Claro,Dupla,Reta,Não,1,0,1,0,0,0,1,1,-23.1359564,-45.7532708,SPRF-SP,DEL02-SP,UOP02-DEL02-SP,13/02/2022 10:00:00,0.2,23.7,26.4,74.0,40.0,3.9,1.0
39128,458563,6/26/2022,domingo,19:20:00,RJ,465.0,19.0,NOVA IGUACU,Ingestão de álcool pelo condutor,Colisão transversal,Sem Vítimas,Plena Noite,Crescente,Céu Claro,Simples,Interseção de vias,Sim,2,0,0,0,2,0,0,2,-22.839184,-43.610451,SPRF-RJ,DEL01-RJ,UOP04-DEL01-RJ,26/06/2022 19:00:00,0.0,17.7,18.9,86.0,100.0,3.7,0.0
48320,472772,9/6/2022,terça-feira,16:35:00,MG,262.0,371.0,JUATUBA,Ausência de reação do condutor,Colisão traseira,Com Vítimas Feridas,Pleno dia,Decrescente,Céu Claro,Dupla,Reta,Sim,2,0,2,0,0,0,2,2,-19.97212126,-44.30817896,SPRF-MG,DEL01-MG,UOP03-DEL01-MG,06/09/2022 17:00:00,0.0,23.7,21.3,41.0,6.0,15.6,1.0
60704,491466,12/8/2022,quinta-feira,7:15:00,RJ,116.0,104.0,GUAPIMIRIM,Demais falhas mecânicas ou elétricas,Tombamento,Com Vítimas Feridas,Pleno dia,Crescente,Nublado,Dupla,Reta,Não,1,0,1,0,0,0,1,1,-22.50841847,-42.99821493,SPRF-RJ,DEL04-RJ,UOP01-DEL04-RJ,08/12/2022 07:00:00,0.2,22.2,26.0,89.0,21.0,1.0,1.0
11371,473229,9/9/2022,sexta-feira,3:25:00,RS,285.0,130.0,VACARIA,Reação tardia ou ineficiente do condutor,Colisão lateral sentido oposto,Sem Vítimas,Plena Noite,Decrescente,Nublado,Simples,Reta,Não,1,0,0,0,1,0,0,1,-28.449982,-50.992405,SPRF-RS,DEL05-RS,UOP03-DEL05-RS,09/09/2022 03:00:00,0.0,17.8,15.7,79.0,11.0,23.2,0.0
19836,411220,1/26/2022,quarta-feira,15:55:00,GO,70.0,30.0,COCALZINHO DE GOIAS,Transitar na contramão,Colisão lateral mesmo sentido,Com Vítimas Fatais,Pleno dia,Crescente,Nublado,Simples,Não Informado,Não,8,2,4,0,1,1,4,2,-15.76741921,-48.45159973,SPRF-DF,DEL01-DF,UOP03-DEL01-DF,26/01/2022 16:00:00,0.1,22.6,24.9,76.0,44.0,4.7,1.0
18612,408788,1/15/2022,sábado,11:30:00,SP,116.0,42.0,CACHOEIRA PAULISTA,Reação tardia ou ineficiente do condutor,Colisão com objeto,Com Vítimas Feridas,Pleno dia,Crescente,Nublado,Dupla,Reta,Não,1,0,1,0,0,0,1,1,-22.69182132,-45.02240378,SPRF-SP,DEL08-SP,UOP02-DEL08-SP,15/01/2022 12:00:00,0.1,28.0,31.7,60.0,49.0,5.3,1.0
28977,443367,4/13/2022,quarta-feira,9:00:00,PA,230.0,117.0,MARABA,Condutor deixou de manter distância do veículo da frente,Tombamento,Com Vítimas Feridas,Pleno dia,Decrescente,Garoa/Chuvisco,Simples,Curva,Sim,2,0,1,0,0,1,1,2,-5.35569904,-49.09047302,SPRF-PA,DEL03-PA,UOP01-DEL03-PA,13/04/2022 09:00:00,0.1,26.2,31.2,84.0,100.0,4.8,1.0
31617,447268,5/2/2022,segunda-feira,7:30:00,MG,40.0,551.8,NOVA LIMA,Avarias e/ou desgaste excessivo no pneu,Saída de leito carroçável,Com Vítimas Feridas,Pleno dia,Crescente,Céu Claro,Dupla,Reta,Sim,2,0,1,1,0,0,2,1,-20.05411435,-43.97101875,SPRF-MG,DEL01-MG,UOP02-DEL01-MG,02/05/2022 08:00:00,0.0,17.2,17.7,75.0,6.0,2.5,1.0
54386,482018,10/21/2022,sexta-feira,15:12:00,MG,365.0,387.0,PATOS DE MINAS,Entrada inopinada do pedestre,Atropelamento de Pedestre,Com Vítimas Fatais,Pleno dia,Crescente,Nublado,Simples,Reta,Não,3,1,0,0,1,1,0,1,-18.63194142,-46.31478667,SPRF-MG,DEL10-MG,UOP01-DEL10-MG,21/10/2022 15:00:00,0.0,27.8,27.5,37.0,90.0,6.2,1.0
50105,475408,9/19/2022,segunda-feira,9:30:00,ES,101.0,391.0,RIO NOVO DO SUL,Reação tardia ou ineficiente do condutor,Queda de ocupante de veículo,Com Vítimas Feridas,Pleno dia,Crescente,Sol,Simples,Reta,Não,1,0,1,0,0,0,1,1,-20.8657929,-40.89634385,SPRF-ES,DEL03-ES,UOP02-DEL03-ES,19/09/2022 10:00:00,0.0,21.8,23.6,55.0,0.0,3.1,1.0
42152,463321,7/22/2022,sexta-feira,20:00:00,MG,116.0,704.9,MURIAE,Conversão proibida,Colisão transversal,Com Vítimas Feridas,Plena Noite,Decrescente,Céu Claro,Simples,Reta,Sim,3,0,1,0,0,2,1,2,-21.13416858,-42.38722798,SPRF-MG,DEL07-MG,UOP02-DEL07-MG,22/07/2022 20:00:00,0.0,21.8,22.4,64.0,2.0,6.1,0.0
59097,489030,11/23/2022,quarta-feira,18:25:00,ES,101.0,272.0,SERRA,Demais falhas mecânicas ou elétricas,Incêndio,Sem Vítimas,Plena Noite,Crescente,Nublado,Múltipla,Desvio Temporário,Não,1,0,0,0,0,1,0,1,-20.22724888,-40.28426988,SPRF-ES,DEL02-ES,UOP01-DEL02-ES,23/11/2022 18:00:00,0.1,23.8,27.1,85.0,75.0,7.4,1.0
20239,411926,1/30/2022,domingo,6:40:00,RJ,116.0,305.0,RESENDE,Acumulo de água sobre o pavimento,Colisão com objeto,Com Vítimas Feridas,Pleno dia,Decrescente,Chuva,Simples,Reta,Não,1,0,1,0,0,0,1,1,-22.45573779,-44.39454802,SPRF-RJ,DEL07-RJ,UOP02-DEL07-RJ,30/01/2022 07:00:00,0.2,20.9,23.9,95.0,85.0,6.6,1.0
54293,481872,10/20/2022,quinta-feira,22:10:00,SP,116.0,277.5,EMBU DAS ARTES,Reação tardia ou ineficiente do condutor,Saída de leito carroçável,Sem Vítimas,Plena Noite,Decrescente,Nublado,Dupla,Reta,Sim,1,0,0,0,0,1,0,1,-23.64870535,-46.84395469,SPRF-SP,DEL04-SP,UOP01-DEL04-SP,20/10/2022 22:00:00,0.1,20.9,23.3,90.0,25.0,7.3,0.0
37130,455628,6/13/2022,segunda-feira,16:30:00,PE,101.0,79.1,JABOATAO DOS GUARARAPES,Acessar a via sem observar a presença dos outros veículos,Colisão lateral mesmo sentido,Com Vítimas Feridas,Pleno dia,Decrescente,Céu Claro,Múltipla,Interseção de vias,Sim,2,0,1,1,0,0,2,2,-8.14366112,-34.94723453,SPRF-PE,DEL01-PE,UOP01-DEL01-PE,13/06/2022 17:00:00,0.0,25.7,29.1,82.0,8.0,11.9,1.0
58474,488018,11/20/2022,domingo,11:50:00,GO,153.0,510.0,APARECIDA DE GOIANIA,Reação tardia ou ineficiente do condutor,Colisão lateral mesmo sentido,Com Vítimas Feridas,Pleno dia,Crescente,Sol,Simples,Reta,Sim,3,0,2,0,1,0,2,2,-16.7977,-49.2386,SPRF-GO,DEL01-GO,UOP03-DEL01-GO,20/11/2022 12:00:00,0.0,27.1,30.0,61.0,49.0,13.4,1.0
62907,494873,12/23/2022,sexta-feira,20:30:00,MG,267.0,149.3,LIMA DUARTE,Condutor deixou de manter distância do veículo da frente,Colisão traseira,Com Vítimas Feridas,Plena Noite,Crescente,Garoa/Chuvisco,Simples,Reta,Não,3,0,1,1,1,0,2,2,-21.81614465,-43.7400052,SPRF-MG,DEL05-MG,UOP01-DEL05-MG,23/12/2022 21:00:00,0.2,18.7,19.2,91.0,100.0,14.0,0.0
14802,488376,11/25/2022,sexta-feira,11:20:00,SE,101.0,91.0,NOSSA SENHORA DO SOCORRO,Acessar a via sem observar a presença dos outros veículos,Colisão lateral mesmo sentido,Sem Vítimas,Pleno dia,Decrescente,Céu Claro,Simples,Reta,Não,2,0,0,0,1,1,0,2,-10.89849802,-37.13176324,SPRF-SE,DEL01-SE,UOP01-DEL01-SE,25/11/2022 11:00:00,0.0,29.5,33.3,64.0,34.0,17.9,1.0
30078,444964,4/20/2022,quarta-feira,14:00:00,ES,101.0,268.0,SERRA,Acesso irregular,Queda de ocupante de veículo,Com Vítimas Feridas,Pleno dia,Crescente,Céu Claro,Múltipla,Reta,Sim,3,0,1,1,1,0,2,2,-20.21740496,-40.26990578,SPRF-ES,DEL02-ES,UOP01-DEL02-ES,20/04/2022 14:00:00,0.0,26.0,27.9,66.0,4.0,13.1,1.0
34559,451775,5/24/2022,terça-feira,17:47:00,DF,20.0,7.7,BRASILIA,Entrada inopinada do pedestre,Atropelamento de Pedestre,Sem Vítimas,Anoitecer,Crescente,Céu Claro,Dupla,Não Informado,Sim,3,0,0,0,1,2,0,1,-15.670546,-47.816044,SPRF-DF,DEL02-DF,UOP01-DEL02-DF,24/05/2022 18:00:00,0.0,22.7,21.5,45.0,14.0,8.9,0.0
56949,485737,11/9/2022,quarta-feira,13:15:00,SP,101.0,50.6,UBATUBA,Pedestre andava na pista,Atropelamento de Pedestre,Com Vítimas Feridas,Pleno dia,Crescente,Nublado,Simples,Reta,Sim,2,0,1,0,0,1,1,1,-23.45346,-45.074199,SPRF-SP,DEL06-SP,UOP01-DEL06-SP,09/11/2022 13:00:00,0.0,22.9,26.1,80.0,98.0,9.5,1.0
7027,454727,6/8/2022,quarta-feira,23:10:00,MG,381.0,592.4,CARMOPOLIS DE MINAS,Velocidade Incompatível,Tombamento,Com Vítimas Feridas,Plena Noite,Decrescente,Céu Claro,Dupla,Reta,Não,1,0,1,0,0,0,1,1,-20.57880683,-44.6872411,SPRF-MG,DEL04-MG,UOP01-DEL04-MG,08/06/2022 23:00:00,0.0,17.2,17.5,80.0,56.0,6.2,0.0
1725,414480,2/12/2022,sábado,9:10:00,PA,10.0,155.0,PARAGOMINAS,Condutor deixou de manter distância do veículo da frente,Engavetamento,Com Vítimas Feridas,Pleno dia,Decrescente,Céu Claro,Simples,Reta,Não,5,0,0,2,3,0,2,4,-3.08035501,-47.47768998,SPRF-PA,DEL02-PA,UOP01-DEL02-PA,12/02/2022 09:00:00,0.1,25.2,29.2,83.0,73.0,7.3,1.0
26966,423008,3/27/2022,domingo,8:45:00,PR,376.0,239.0,APUCARANA,Velocidade Incompatível,Queda de ocupante de veículo,Com Vítimas Feridas,Pleno dia,Crescente,Céu Claro,Dupla,Curva,Não,2,0,2,0,0,0,2,1,-23.58261216,-51.44500092,SPRF-PR,DEL07-PR,UOP02-DEL07-PR,27/03/2022 09:00:00,0.0,21.6,24.4,86.0,19.0,4.6,1.0
61775,493139,12/16/2022,sexta-feira,12:15:00,PE,232.0,9.0,RECIFE,Retorno proibido,Colisão transversal,Com Vítimas Feridas,Pleno dia,Crescente,Sol,Dupla,Reta,Sim,3,0,1,1,1,0,2,2,-8.07764447,-34.97863609,SPRF-PE,DEL01-PE,UOP01-DEL01-PE,16/12/2022 12:00:00,0.0,30.9,34.4,51.0,12.0,16.7,1.0
13466,482542,10/23/2022,domingo,20:00:00,PR,277.0,30.0,MORRETES,Ingestão de álcool pelo condutor,Colisão traseira,Sem Vítimas,Plena Noite,Crescente,Céu Claro,Múltipla,Reta,Não,2,0,0,0,2,0,0,2,-25.547373,-48.790559,SPRF-PR,DEL01-PR,UOP05-DEL01-PR,23/10/2022 20:00:00,0.0,20.8,23.2,92.0,35.0,8.1,0.0
51940,478374,10/3/2022,segunda-feira,8:22:00,RJ,101.0,319.6,NITEROI,Ingestão de álcool pelo condutor,Colisão traseira,Com Vítimas Feridas,Pleno dia,Crescente,Nublado,Múltipla,Reta,Sim,2,0,1,0,1,0,1,2,-22.85411774,-43.1018014,SPRF-RJ,DEL02-RJ,UOP01-DEL02-RJ,03/10/2022 08:00:00,0.1,20.2,22.9,92.0,100.0,3.9,1.0
63315,495406,12/26/2022,segunda-feira,14:00:00,SC,282.0,48.0,AGUAS MORNAS,Pista Escorregadia,Queda de ocupante de veículo,Com Vítimas Feridas,Pleno dia,Decrescente,Chuva,Simples,Não Informado,Não,1,0,1,0,0,0,1,1,-27.714352,-48.938072,SPRF-SC,DEL01-SC,UOP03-DEL01-SC,26/12/2022 14:00:00,6.7,22.6,27.1,84.0,57.0,5.1,1.0
13049,480526,10/14/2022,sexta-feira,7:10:00,RJ,116.0,142.0,DUQUE DE CAXIAS,Ausência de reação do condutor,Engavetamento,Com Vítimas Feridas,Pleno dia,Crescente,Céu Claro,Dupla,Reta,Não,6,0,3,0,3,0,3,3,-22.64876087,-43.23031638,SPRF-RJ,DEL01-RJ,UOP01-DEL01-RJ,14/10/2022 07:00:00,0.0,22.6,26.6,96.0,98.0,5.8,1.0
20582,412503,1/8/2022,sábado,3:47:00,RS,386.0,344.7,LAJEADO,Ausência de reação do condutor,Saída de leito carroçável,Sem Vítimas,Plena Noite,Crescente,Céu Claro,Simples,Interseção de vias,Sim,1,0,0,0,0,1,0,1,-29.44211093,-51.98710084,SPRF-RS,DEL04-RS,UOP01-DEL04-RS,08/01/2022 04:00:00,0.0,15.1,15.3,95.0,5.0,7.9,0.0
26280,421916,3/21/2022,segunda-feira,10:50:00,PA,316.0,37.0,SANTA IZABEL DO PARA,Acessar a via sem observar a presença dos outros veículos,Colisão transversal,Com Vítimas Feridas,Pleno dia,Decrescente,Nublado,Dupla,Reta,Não,3,0,2,1,0,0,3,2,-1.28522594,-48.14868959,SPRF-PA,DEL01-PA,UOP01-DEL01-PA,21/03/2022 11:00:00,1.0,24.5,30.0,99.0,100.0,4.9,1.0
42319,463562,7/23/2022,sábado,22:20:00,TO,153.0,143.0,ARAGUAINA,Reação tardia ou ineficiente do condutor,Atropelamento de Pedestre,Com Vítimas Feridas,Anoitecer,Decrescente,Céu Claro,Simples,Reta,Sim,2,0,0,1,0,1,1,1,-7.18866332,-48.23207966,SPRF-TO,DEL02-TO,UOP01-DEL02-TO,23/07/2022 22:00:00,0.0,27.8,28.2,44.0,66.0,6.8,0.0
59355,489406,11/28/2022,segunda-feira,12:58:00,RJ,116.0,186.0,NOVA IGUACU,Manobra de mudança de faixa,Colisão lateral mesmo sentido,Com Vítimas Feridas,Pleno dia,Decrescente,Céu Claro,Múltipla,Reta,Sim,2,0,1,0,1,0,1,2,-22.73962339,-43.46276495,SPRF-RJ,DEL01-RJ,UOP02-DEL01-RJ,28/11/2022 13:00:00,0.0,27.0,31.1,77.0,70.0,12.6,1.0
56770,485437,11/7/2022,segunda-feira,20:00:00,GO,60.0,101.0,ANAPOLIS,Manobra de mudança de faixa,Colisão traseira,Com Vítimas Feridas,Plena Noite,Decrescente,Céu Claro,Dupla,Retorno Regulamentado,Sim,2,0,1,0,1,0,1,2,-16.4022,-48.9745,SPRF-GO,DEL02-GO,UOP01-DEL02-GO,07/11/2022 20:00:00,0.0,22.6,22.4,51.0,20.0,5.5,0.0
31673,447349,5/2/2022,segunda-feira,8:15:00,MG,262.0,501.1,LUZ,Reação tardia ou ineficiente do condutor,Colisão traseira,Sem Vítimas,Pleno dia,Crescente,Sol,Simples,Ponte,Não,6,0,0,0,6,0,0,2,-19.78308703,-45.446426,SPRF-MG,DEL08-MG,UOP03-DEL08-MG,02/05/2022 08:00:00,0.0,21.0,21.3,60.0,5.0,3.8,1.0
39328,458908,7/1/2022,sexta-feira,2:45:00,RS,392.0,4.0,RIO GRANDE,Animais na Pista,Atropelamento de Animal,Com Vítimas Feridas,Plena Noite,Crescente,Céu Claro,Simples,Reta,Sim,1,0,0,1,0,0,1,1,-32.03548,-52.09908,SPRF-RS,DEL07-RS,UOP02-DEL07-RS,01/07/2022 03:00:00,0.0,10.1,8.0,89.0,0.0,10.8,0.0
26772,422744,3/26/2022,sábado,1:10:00,CE,116.0,483.1,MILAGRES,Demais falhas na via,Tombamento,Com Vítimas Feridas,Plena Noite,Decrescente,Céu Claro,Simples,Reta,Não,1,0,0,1,0,0,1,1,-7.30815187,-38.92830004,SPRF-CE,DEL05-CE,UOP03-DEL05-CE,26/03/2022 01:00:00,0.0,23.4,26.1,80.0,87.0,6.9,0.0
63517,495715,12/27/2022,terça-feira,19:00:00,BA,116.0,632.0,JAGUAQUARA,Condutor deixou de manter distância do veículo da frente,Colisão traseira,Sem Vítimas,Plena Noite,Decrescente,Céu Claro,Simples,Reta,Não,3,0,0,0,2,1,0,2,-13.46756485,-40.03652534,SPRF-BA,DEL03-BA,UOP01-DEL03-BA,27/12/2022 19:00:00,0.0,21.9,23.3,81.0,38.0,11.5,0.0
6628,453083,5/31/2022,terça-feira,5:20:00,MG,262.0,501.3,LUZ,Condutor Dormindo,Saída de leito carroçável,Com Vítimas Feridas,Amanhecer,Decrescente,Ignorado,Simples,Reta,Não,2,0,0,1,0,1,1,1,-19.78308703,-45.446426,SPRF-MG,DEL08-MG,UOP03-DEL08-MG,31/05/2022 05:00:00,0.0,15.8,14.8,73.0,6.0,9.0,0.0
53705,481013,10/16/2022,domingo,9:45:00,RJ,101.0,244.0,SILVA JARDIM,Demais falhas mecânicas ou elétricas,Queda de ocupante de veículo,Com Vítimas Feridas,Pleno dia,Decrescente,Céu Claro,Dupla,Reta,Sim,2,0,2,0,0,0,2,1,-22.64063219,-42.47356596,SPRF-RJ,DEL02-RJ,UOP03-DEL02-RJ,16/10/2022 10:00:00,0.0,25.3,25.9,57.0,55.0,15.6,1.0
34405,451536,5/16/2022,segunda-feira,7:56:00,PR,277.0,726.5,FOZ DO IGUACU,Ausência de reação do condutor,Queda de ocupante de veículo,Com Vítimas Feridas,Pleno dia,Decrescente,Céu Claro,Dupla,Reta,Sim,1,0,1,0,0,0,1,1,-25.5106015,-54.55481999,SPRF-PR,DEL05-PR,UOP03-DEL05-PR,16/05/2022 08:00:00,0.0,12.4,10.0,82.0,79.0,15.3,1.0
32440,448559,5/8/2022,domingo,15:30:00,RO,364.0,339.0,JI-PARANA,Acessar a via sem observar a presença dos outros veículos,Saída de leito carroçável,Com Vítimas Feridas,Pleno dia,Crescente,Céu Claro,Dupla,Reta,Sim,2,0,0,1,0,1,1,1,-10.907816,-61.93017402,SPRF-RO,DEL02-RO,UOP01-DEL02-RO,08/05/2022 16:00:00,0.0,31.3,34.3,50.0,38.0,4.2,1.0
44390,466637,8/8/2022,segunda-feira,0:10:00,GO,153.0,218.0,URUACU,Condutor Dormindo,Saída de leito carroçável,Com Vítimas Fatais,Plena Noite,Decrescente,Céu Claro,Simples,Não Informado,Não,60,2,50,1,0,7,51,1,-14.682323,-49.20691,SPRF-GO,DEL07-GO,UOP02-DEL07-GO,08/08/2022 00:00:00,0.0,24.7,24.3,41.0,22.0,4.4,0.0
16538,495738,12/28/2022,quarta-feira,0:50:00,ES,101.0,36.0,CONCEICAO DA BARRA,Ultrapassagem Indevida,Colisão lateral mesmo sentido,Com Vítimas Feridas,Plena Noite,Crescente,Céu Claro,Simples,Reta,Não,3,0,2,0,1,0,2,2,-18.46388405,-39.92935329,SPRF-ES,DEL04-ES,UOP02-DEL04-ES,28/12/2022 01:00:00,0.0,23.0,26.7,93.0,30.0,7.7,0.0
46444,469864,8/23/2022,terça-feira,14:30:00,SC,101.0,221.6,PALHOCA,Condutor deixou de manter distância do veículo da frente,Colisão traseira,Com Vítimas Feridas,Pleno dia,Crescente,Nublado,Simples,Desvio Temporário,Sim,2,0,1,0,1,0,1,2,-27.70012652,-48.66021182,SPRF-SC,DEL01-SC,UOP02-DEL01-SC,23/08/2022 15:00:00,0.1,19.2,19.1,77.0,94.0,12.0,1.0
58573,488215,11/20/2022,domingo,20:00:00,MS,163.0,483.9,CAMPO GRANDE,Ausência de reação do condutor,Atropelamento de Animal,Com Vítimas Feridas,Plena Noite,Decrescente,Céu Claro,Simples,Curva,Não,2,0,1,1,0,0,2,1,-20.45188485,-54.54056382,SPRF-MS,DEL01-MS,UOP02-DEL01-MS,20/11/2022 20:00:00,0.0,28.4,29.5,47.0,18.0,5.7,0.0
33709,450459,5/17/2022,terça-feira,17:50:00,GO,40.0,10.0,LUZIANIA,Manobra de mudança de faixa,Colisão transversal,Com Vítimas Feridas,Pleno dia,Decrescente,Céu Claro,Dupla,Reta,Sim,2,0,2,0,0,0,2,2,-16.131285,-47.957923,SPRF-DF,DEL01-DF,UOP01-DEL01-DF,17/05/2022 18:00:00,0.0,21.8,21.2,58.0,25.0,11.0,0.0
18126,407907,1/10/2022,segunda-feira,9:00:00,BA,135.0,190.0,BARREIRAS,Reação tardia ou ineficiente do condutor,Colisão com objeto,Com Vítimas Feridas,Pleno dia,Decrescente,Chuva,Simples,Reta,Não,2,0,1,0,1,0,1,1,-12.2418034,-45.0213205,SPRF-BA,DEL10-BA,UOP01-DEL10-BA,10/01/2022 09:00:00,8.6,21.9,25.8,92.0,100.0,1.5,1.0
9662,465880,8/4/2022,quinta-feira,14:50:00,MG,381.0,195.0,PERIQUITO,Curva acentuada,Colisão com objeto,Com Vítimas Fatais,Pleno dia,Decrescente,Céu Claro,Simples,Curva,Não,5,1,2,2,0,0,4,2,-19.09805376,-42.19736853,SPRF-MG,DEL06-MG,UOP01-DEL06-MG,04/08/2022 15:00:00,0.0,28.4,27.6,32.0,21.0,6.4,1.0
8181,459851,7/5/2022,terça-feira,13:30:00,SP,116.0,462.0,PARIQUERA-ACU,Velocidade Incompatível,Colisão traseira,Com Vítimas Feridas,Pleno dia,Crescente,Céu Claro,Dupla,Reta,Não,2,0,1,0,1,0,1,2,-24.6228914,-47.89579562,SPRF-SP,DEL05-SP,UOP01-DEL05-SP,05/07/2022 14:00:00,0.0,26.6,28.1,55.0,16.0,8.2,1.0
284,407622,1/9/2022,domingo,4:50:00,SC,470.0,120.5,IBIRAMA,Condutor Dormindo,Tombamento,Com Vítimas Feridas,Amanhecer,Decrescente,Nevoeiro/Neblina,Simples,Não Informado,Não,1,0,0,1,0,0,1,1,-27.089924,-49.520416,SPRF-SC,DEL04-SC,UOP02-DEL04-SC,09/01/2022 05:00:00,0.0,17.4,18.9,91.0,80.0,3.4,0.0
21932,414798,2/13/2022,domingo,18:40:00,PR,116.0,161.4,QUITANDINHA,Reação tardia ou ineficiente do condutor,Saída de leito carroçável,Com Vítimas Feridas,Anoitecer,Decrescente,Céu Claro,Múltipla,Não Informado,Não,2,0,1,0,1,0,1,1,-25.866279,-49.45094347,SPRF-PR,DEL01-PR,UOP03-DEL01-PR,13/02/2022 19:00:00,0.0,24.9,27.1,68.0,44.0,7.0,1.0
40352,460516,7/8/2022,sexta-feira,20:30:00,MT,163.0,1056.0,GUARANTA DO NORTE,Reação tardia ou ineficiente do condutor,Colisão traseira,Com Vítimas Fatais,Plena Noite,Crescente,Céu Claro,Simples,Reta,Não,3,2,1,0,0,0,1,2,-10.032131,-54.909619,SPRF-MT,DEL06-MT,UOP02-DEL06-MT,08/07/2022 21:00:00,0.0,28.3,28.5,41.0,14.0,7.6,0.0
64546,516931,11/17/2022,quinta-feira,18:13:00,PR,277.0,11.8,PARANAGUA,Animais na Pista,Atropelamento de Animal,Com Vítimas Feridas,Anoitecer,Crescente,Sol,Dupla,Reta,Sim,2,0,0,2,0,0,2,1,-25.56418984,-48.63272406,SPRF-PR,DEL01-PR,UOP05-DEL01-PR,17/11/2022 18:00:00,0.0,23.2,22.9,49.0,0.0,6.2,1.0
33624,450320,5/16/2022,segunda-feira,18:30:00,PR,116.0,16.0,COLOMBO,Pedestre cruzava a pista fora da faixa,Atropelamento de Pedestre,Com Vítimas Fatais,Anoitecer,Crescente,Nublado,Dupla,Reta,Sim,2,1,0,0,1,0,0,1,-25.3874,-49.1774,SPRF-PR,DEL01-PR,UOP02-DEL01-PR,16/05/2022 19:00:00,0.0,13.7,11.5,68.0,32.0,11.0,0.0
41082,461599,7/14/2022,quinta-feira,7:45:00,GO,60.0,388.0,RIO VERDE,Ausência de reação do condutor,Saída de leito carroçável,Com Vítimas Feridas,Pleno dia,Decrescente,Céu Claro,Dupla,Reta,Sim,1,0,1,0,0,0,1,1,-17.8151,-50.9343,SPRF-GO,DEL04-GO,UOP01-DEL04-GO,14/07/2022 08:00:00,0.0,16.1,14.2,63.0,28.0,11.8,1.0
52274,478942,10/6/2022,quinta-feira,13:30:00,PB,230.0,25.0,JOAO PESSOA,Ausência de reação do condutor,Colisão lateral mesmo sentido,Com Vítimas Feridas,Pleno dia,Decrescente,Céu Claro,Dupla,Desvio Temporário,Não,3,0,1,0,2,0,1,2,-7.1707,-34.8684,SPRF-PB,DEL01-PB,UOP01-DEL01-PB,06/10/2022 14:00:00,0.1,28.2,31.4,73.0,53.0,18.9,1.0
41245,461866,7/15/2022,sexta-feira,18:45:00,MS,262.0,773.0,CORUMBA,Pedestre andava na pista,Atropelamento de Pedestre,Com Vítimas Feridas,Plena Noite,Crescente,Céu Claro,Simples,Interseção de vias,Sim,2,0,1,0,0,1,1,1,-19.08285699,-57.62168025,SPRF-MS,DEL03-MS,UOP03-DEL03-MS,15/07/2022 19:00:00,0.0,29.3,28.3,38.0,33.0,14.9,0.0
22767,416347,2/21/2022,segunda-feira,17:20:00,MG,50.0,172.0,UBERABA,Avarias e/ou desgaste excessivo no pneu,Tombamento,Com Vítimas Feridas,Anoitecer,Crescente,Nublado,Dupla,Reta,Não,2,0,1,1,0,0,2,1,-19.75402507,-47.98051917,SPRF-MG,DEL13-MG,UOP01-DEL13-MG,21/02/2022 17:00:00,4.3,24.7,28.4,77.0,30.0,2.1,1.0
6452,452275,5/27/2022,sexta-feira,7:30:00,RS,386.0,342.2,LAJEADO,Acessar a via sem observar a presença dos outros veículos,Colisão transversal,Com Vítimas Feridas,Amanhecer,Decrescente,Nublado,Simples,Reta,Sim,3,0,1,0,2,0,1,2,-29.431631,-52.011932,SPRF-RS,DEL04-RS,UOP01-DEL04-RS,27/05/2022 08:00:00,1.6,15.0,14.9,94.0,86.0,10.1,1.0
39045,458426,6/28/2022,terça-feira,3:30:00,BA,324.0,612.9,SALVADOR,Condutor deixou de manter distância do veículo da frente,Colisão traseira,Sem Vítimas,Plena Noite,Crescente,Céu Claro,Dupla,Reta,Sim,4,0,0,0,3,1,0,2,-12.84664721,-38.41741648,SPRF-BA,DEL01-BA,UOP01-DEL01-BA,28/06/2022 04:00:00,0.2,22.6,21.9,73.0,36.0,24.2,0.0
18831,409079,1/16/2022,domingo,19:40:00,BA,101.0,81.0,ENTRE RIOS,Transitar na contramão,Colisão frontal,Com Vítimas Fatais,Plena Noite,Crescente,Céu Claro,Simples,Reta,Não,2,1,0,0,0,1,0,2,-12.02371904,-38.28277996,SPRF-BA,DEL01-BA,UOP04-DEL01-BA,16/01/2022 20:00:00,0.0,24.7,27.8,82.0,22.0,10.1,0.0