,id,data_inversa,dia_semana,horario,uf,br,km,municipio,causa_acidente,tipo_acidente,classificacao_acidente,fase_dia,sentido_via,condicao_metereologica,tipo_pista,tracado_via,uso_solo,pessoas,mortos,feridos_leves,feridos_graves,ilesos,ignorados,feridos,veiculos,latitude,longitude,regional,delegacia,uop,rounded_datetime,rain,temperature_2m,apparent_temperature,relativehumidity_2m,cloudcover,windspeed_10m,is_day
17364,405705,1/3/2022,segunda-feira,13:10:00,MT,70.0,278.0,PRIMAVERA DO LESTE,Frear bruscamente,Engavetamento,Com Vítimas Feridas,Pleno dia,Crescente,Céu Claro,Simples,Reta,Sim,3,0,1,0,2,0,1,3,-15.55739918,-54.27981896,SPRF-MT,DEL05-MT,UOP01-DEL05-MT,03/01/2022 13:00:00,0.2,28.0,31.5,67.0,72.0,11.6,1.0
14126,485533,11/8/2022,terça-feira,14:05:00,PR,272.0,366.6,CAMPO MOURAO,Ausência de reação do condutor,Colisão lateral mesmo sentido,Sem Vítimas,Pleno dia,Decrescente,Céu Claro,Dupla,Reta,Sim,3,0,0,0,3,0,0,2,-24.04891341,-52.39786506,SPRF-PR,DEL09-PR,UOP03-DEL09-PR,08/11/2022 14:00:00,0.0,23.4,23.8,45.0,21.0,5.4,1.0
29897,444667,4/18/2022,segunda-feira,23:20:00,PI,343.0,115.0,PIRACURUCA,Animais na Pista,Atropelamento de Animal,Sem Vítimas,Plena Noite,Decrescente,Nevoeiro/Neblina,Simples,Reta,Não,3,0,0,0,3,0,0,1,-3.699133,-41.68161,SPRF-PI,DEL02-PI,UOP01-DEL02-PI,18/04/2022 23:00:00,0.8,24.0,29.5,97.0,100.0,2.1,0.0
42697,464081,7/26/2022,terça-feira,7:40:00,SC,101.0,28.6,JOINVILLE,Ausência de reação do condutor,Colisão transversal,Com Vítimas Feridas,Pleno dia,Crescente,Nublado,Dupla,Reta,Não,2,0,1,1,0,0,2,2,-26.20697505,-48.91482635,SPRF-SC,DEL03-SC,UOP01-DEL03-SC,26/07/2022 08:00:00,0.0,16.4,17.4,93.0,81.0,5.0,1.0
33478,450106,5/15/2022,domingo,19:00:00,CE,116.0,483.1,MILAGRES,Ingestão de álcool pelo condutor,Colisão traseira,Com Vítimas Feridas,Plena Noite,Decrescente,Céu Claro,Simples,Reta,Não,4,0,1,2,1,0,3,2,-7.30815187,-38.92830004,SPRF-CE,DEL05-CE,UOP03-DEL05-CE,15/05/2022 19:00:00,0.0,25.8,28.8,70.0,39.0,5.4,0.0
55490,483577,10/29/2022,sábado,8:14:00,RS,290.0,33.0,SANTO ANTONIO DA PATRULHA,Mal súbito do condutor,Colisão lateral mesmo sentido,Com Vítimas Feridas,Pleno dia,Decrescente,Céu Claro,Dupla,Reta,Não,4,0,1,0,3,0,1,2,-29.885815,-50.586334,SPRF-RS,DEL03-RS,UOP01-DEL03-RS,29/10/2022 08:00:00,0.0,23.0,24.7,75.0,1.0,9.3,1.0
5753,449335,5/12/2022,quinta-feira,4:03:00,RJ,101.0,78.0,CAMPOS DOS GOYTACAZES,Condutor Dormindo,Colisão traseira,Com Vítimas Feridas,Plena Noite,Decrescente,Céu Claro,Simples,Reta,Sim,2,0,1,0,1,0,1,2,-21.83581853,-41.42080302,SPRF-RJ,DEL08-RJ,UOP02-DEL08-RJ,12/05/2022 04:00:00,0.0,19.3,21.4,92.0,43.0,5.3,0.0
34245,451306,5/22/2022,domingo,5:05:00,RS,290.0,76.0,GRAVATAI,Ausência de reação do condutor,Saída de leito carroçável,Com Vítimas Feridas,Amanhecer,Decrescente,Céu Claro,Múltipla,Reta,Não,1,0,1,0,0,0,1,1,-29.956612,-51.017124,SPRF-RS,DEL01-RS,UOP01-DEL01-RS,22/05/2022 05:00:00,0.0,9.6,8.4,96.0,37.0,6.0,0.0
44814,467316,8/11/2022,quinta-feira,13:50:00,PB,230.0,57.2,CRUZ DO ESPIRITO SANTO,Ausência de reação do condutor,Saída de leito carroçável,Com Vítimas Feridas,Pleno dia,Crescente,Céu Claro,Dupla,Desvio Temporário,Não,3,0,1,2,0,0,3,1,-7.2028,-35.1125,SPRF-PB,DEL01-PB,UOP03-DEL01-PB,11/08/2022 14:00:00,0.2,26.8,29.0,69.0,56.0,14.6,1.0
28374,429453,4/8/2022,sexta-feira,15:15:00,MG,262.0,42.2,MANHUACU,Ausência de reação do condutor,Colisão com objeto,Com Vítimas Feridas,Pleno dia,Crescente,Nublado,Simples,Reta,Não,2,0,2,0,0,0,2,1,-20.26976316,-42.06894006,SPRF-MG,DEL06-MG,UOP03-DEL06-MG,08/04/2022 15:00:00,0.0,27.9,29.6,53.0,66.0,6.5,1.0
14010,484955,11/5/2022,sábado,6:30:00,MG,116.0,519.0,CARATINGA,Velocidade Incompatível,Saída de leito carroçável,Com Vítimas Feridas,Amanhecer,Decrescente,Céu Claro,Simples,Curva,Não,1,0,1,0,0,0,1,1,-19.71798497,-42.12830605,SPRF-MG,DEL06-MG,UOP02-DEL06-MG,05/11/2022 07:00:00,0.0,15.9,15.2,70.0,3.0,6.3,1.0
26425,422175,3/22/2022,terça-feira,21:00:00,ES,482.0,9.0,CACHOEIRO DE ITAPEMIRIM,Ausência de reação do condutor,Atropelamento de Pedestre,Com Vítimas Feridas,Plena Noite,Crescente,Céu Claro,Dupla,Interseção de vias,Não,3,0,2,1,0,0,3,1,-20.86082851,-41.11900797,SPRF-ES,DEL03-ES,UOP02-DEL03-ES,22/03/2022 21:00:00,0.0,21.5,23.7,83.0,89.0,6.1,0.0
51074,477022,9/26/2022,segunda-feira,7:40:00,PR,369.0,36.9,ANDIRA,Acessar a via sem observar a presença dos outros veículos,Colisão transversal,Com Vítimas Feridas,Pleno dia,Crescente,Chuva,Simples,Reta,Sim,2,0,1,1,0,0,2,2,-23.044704,-50.230035,SPRF-PR,DEL07-PR,UOP01-DEL07-PR,26/09/2022 08:00:00,0.0,17.1,15.8,77.0,38.0,16.2,1.0
41437,462147,7/17/2022,domingo,5:50:00,RN,101.0,104.1,PARNAMIRIM,Acumulo de água sobre o pavimento,Colisão traseira,Com Vítimas Feridas,Pleno dia,Decrescente,Chuva,Múltipla,Reta,Sim,2,0,1,0,1,0,1,2,-5.892745,-35.257225,SPRF-RN,DEL01-RN,UOP01-DEL01-RN,17/07/2022 06:00:00,0.1,22.9,24.6,90.0,100.0,19.4,1.0
17371,405718,1/3/2022,segunda-feira,12:30:00,MG,381.0,408.7,NOVA UNIAO,Velocidade Incompatível,Colisão com objeto,Com Vítimas Feridas,Pleno dia,Crescente,Chuva,Dupla,Não Informado,Não,2,0,1,0,1,0,1,1,-19.72515688,-43.56957794,SPRF-MG,DEL01-MG,UOP01-DEL01-MG,03/01/2022 13:00:00,1.6,22.5,25.0,84.0,100.0,8.3,1.0
10532,469756,8/22/2022,segunda-feira,17:30:00,MG,116.0,780.4,LEOPOLDINA,Reação tardia ou ineficiente do condutor,Tombamento,Com Vítimas Fatais,Anoitecer,Crescente,Céu Claro,Simples,Reta,Não,2,1,0,1,0,0,1,2,-21.61482397,-42.69263203,SPRF-MG,DEL07-MG,UOP01-DEL07-MG,22/08/2022 18:00:00,0.0,19.3,17.7,52.0,40.0,8.7,0.0
52893,479814,10/10/2022,segunda-feira,8:00:00,PB,101.0,102.0,ALHANDRA,Demais falhas mecânicas ou elétricas,Colisão traseira,Com Vítimas Feridas,Pleno dia,Decrescente,Céu Claro,Dupla,Reta,Sim,4,0,2,0,2,0,2,2,-7.28265304,-34.9393864,SPRF-PB,DEL01-PB,UOP02-DEL01-PB,10/10/2022 08:00:00,0.4,25.6,28.4,82.0,54.0,15.8,1.0
17228,405490,1/2/2022,domingo,18:15:00,RN,101.0,104.0,PARNAMIRIM,Reação tardia ou ineficiente do condutor,Tombamento,Com Vítimas Feridas,Anoitecer,Crescente,Céu Claro,Múltipla,Curva,Sim,1,0,1,0,0,0,1,1,-5.892745,-35.257225,SPRF-RN,DEL01-RN,UOP01-DEL01-RN,02/01/2022 18:00:00,0.0,27.6,30.0,72.0,28.0,18.0,0.0
20750,412787,2/4/2022,sexta-feira,10:20:00,GO,60.0,392.0,RIO VERDE,Objeto estático sobre o leito carroçável,Tombamento,Com Vítimas Feridas,Pleno dia,Crescente,Céu Claro,Dupla,Não Informado,Sim,1,0,0,1,0,0,1,1,-17.8266,-50.9789,SPRF-GO,DEL04-GO,UOP01-DEL04-GO,04/02/2022 10:00:00,0.0,25.5,28.9,74.0,60.0,8.7,1.0
43193,464876,7/30/2022,sábado,15:00:00,PR,376.0,248.0,APUCARANA,Velocidade Incompatível,Queda de ocupante de veículo,Com Vítimas Feridas,Pleno dia,Crescente,Céu Claro,Simples,Túnel,Sim,2,0,1,0,1,0,1,2,-23.62178992,-51.38837894,SPRF-PR,DEL07-PR,UOP03-DEL07-PR,30/07/2022 15:00:00,0.0,20.9,19.0,30.0,2.0,4.0,1.0
36555,454762,6/9/2022,quinta-feira,7:40:00,RS,470.0,188.7,VERANOPOLIS,Ultrapassagem Indevida,Colisão frontal,Com Vítimas Feridas,Pleno dia,Decrescente,Nublado,Simples,Não Informado,Não,2,0,0,2,0,0,2,2,-29.0090907,-51.56456778,SPRF-RS,DEL06-RS,UOP02-DEL06-RS,09/06/2022 08:00:00,0.0,11.8,10.8,95.0,59.0,9.0,1.0
22168,415258,2/16/2022,quarta-feira,10:02:00,RS,116.0,142.2,CAXIAS DO SUL,Demais falhas mecânicas ou elétricas,Queda de ocupante de veículo,Com Vítimas Feridas,Pleno dia,Decrescente,Sol,Dupla,Curva,Sim,2,0,2,0,0,0,2,1,-29.11727,-51.115208,SPRF-RS,DEL05-RS,UOP01-DEL05-RS,16/02/2022 10:00:00,0.0,22.8,24.2,60.0,0.0,8.4,1.0
14936,488828,11/26/2022,sábado,12:00:00,SC,280.0,237.4,CANOINHAS,Reação tardia ou ineficiente do condutor,Saída de leito carroçável,Com Vítimas Feridas,Pleno dia,Decrescente,Nublado,Simples,Não Informado,Não,1,0,1,0,0,0,1,1,-26.19844599,-50.43216601,SPRF-SC,DEL06-SC,UOP04-DEL06-SC,26/11/2022 12:00:00,0.1,20.5,19.1,71.0,77.0,20.8,1.0
28148,424993,4/6/2022,quarta-feira,20:00:00,MG,40.0,793.0,JUIZ DE FORA,Demais falhas mecânicas ou elétricas,Incêndio,Sem Vítimas,Plena Noite,Crescente,Nublado,Dupla,Reta,Não,1,0,0,0,1,0,0,1,-21.79449311,-43.41425031,SPRF-MG,DEL05-MG,UOP01-DEL05-MG,06/04/2022 20:00:00,0.1,20.8,22.2,83.0,83.0,9.2,0.0
8394,460603,7/9/2022,sábado,0:50:00,MG,50.0,20.8,ARAGUARI,Carga excessiva e/ou mal acondicionada,Derramamento de carga,Com Vítimas Feridas,Plena Noite,Crescente,Céu Claro,Dupla,Reta,Não,2,0,1,0,1,0,1,2,-18.594852,-48.053777,SPRF-MG,DEL15-MG,UOP02-DEL15-MG,09/07/2022 01:00:00,0.0,16.3,14.3,59.0,12.0,10.9,0.0
57681,486836,11/3/2022,quinta-feira,0:40:00,MS,163.0,466.2,CAMPO GRANDE,Reação tardia ou ineficiente do condutor,Colisão com objeto,Com Vítimas Feridas,Plena Noite,Decrescente,Céu Claro,Simples,Rotatória,Não,1,0,1,0,0,0,1,1,-20.58256881,-54.58287527,SPRF-MS,DEL01-MS,UOP01-DEL01-MS,03/11/2022 01:00:00,0.0,14.9,13.1,77.0,58.0,14.3,0.0
9246,464232,7/27/2022,quarta-feira,6:15:00,PB,230.0,158.2,CAMPINA GRANDE,Ultrapassagem Indevida,Colisão lateral sentido oposto,Com Vítimas Feridas,Pleno dia,Decrescente,Nublado,Simples,Reta,Sim,3,0,0,1,0,2,1,2,-7.2582,-35.9267,SPRF-PB,DEL02-PB,UOP01-DEL02-PB,27/07/2022 06:00:00,0.0,18.2,19.1,95.0,46.0,11.8,1.0
16690,497186,12/22/2022,quinta-feira,3:58:00,PA,163.0,581.0,TRAIRAO,Transitar na contramão,Saída de leito carroçável,Com Vítimas Feridas,Amanhecer,Decrescente,Céu Claro,Simples,Curva,Não,1,0,1,0,0,0,1,1,-4.97637464,-56.21180534,SPRF-PA,DEL05-PA,UOP01-DEL05-PA,22/12/2022 04:00:00,1.5,22.2,26.5,100.0,63.0,4.8,0.0
32042,447968,5/5/2022,quinta-feira,17:20:00,DF,40.0,2.1,BRASILIA,Trafegar com motocicleta (ou similar) entre as faixas,Tombamento,Com Vítimas Feridas,Pleno dia,Decrescente,Céu Claro,Dupla,Reta,Sim,1,0,1,0,0,0,1,1,-15.99435,-47.985947,SPRF-DF,DEL01-DF,UOP01-DEL01-DF,05/05/2022 17:00:00,0.6,23.0,24.3,65.0,42.0,5.4,1.0
16176,494129,12/21/2022,quarta-feira,0:10:00,MG,381.0,908.0,CAMBUI,Velocidade Incompatível,Tombamento,Com Vítimas Feridas,Plena Noite,Decrescente,Nublado,Dupla,Não Informado,Não,1,0,1,0,0,0,1,1,-22.68016178,-46.1006797,SPRF-MG,DEL16-MG,UOP03-DEL16-MG,21/12/2022 00:00:00,0.0,16.8,17.8,97.0,92.0,7.9,0.0
13635,483230,10/27/2022,quinta-feira,13:00:00,PR,163.0,102.7,CAPANEMA,Transitar na contramão,Colisão lateral mesmo sentido,Com Vítimas Feridas,Pleno dia,Decrescente,Sol,Simples,Reta,Sim,4,0,1,0,3,0,1,2,-25.60008051,-53.77192808,SPRF-PR,DEL02-PR,UOP02-DEL02-PR,27/10/2022 13:00:00,0.0,24.0,26.5,71.0,26.0,6.6,1.0
30895,446160,4/16/2022,sábado,21:00:00,RS,116.0,255.0,ESTEIO,Ausência de reação do condutor,Tombamento,Com Vítimas Feridas,Plena Noite,Decrescente,Nublado,Dupla,Reta,Sim,2,0,0,1,1,0,1,1,-29.83522986,-51.17484349,SPRF-RS,DEL01-RS,UOP02-DEL01-RS,16/04/2022 21:00:00,0.0,17.2,17.1,77.0,57.0,7.6,0.0
16844,507343,10/28/2022,sexta-feira,13:50:00,PR,280.0,286.2,FLOR DA SERRA DO SUL,Ausência de reação do condutor,Atropelamento de Pedestre,Com Vítimas Feridas,Pleno dia,Crescente,Céu Claro,Simples,Não Informado,Não,1,0,0,1,0,0,1,1,-26.24620085,-53.27606088,SPRF-PR,DEL02-PR,UOP01-DEL02-PR,28/10/2022 14:00:00,0.0,25.9,28.8,53.0,15.0,8.7,1.0
54648,482359,10/22/2022,sábado,22:45:00,RS,153.0,2.5,CACHOEIRA DO SUL,Animais na Pista,Atropelamento de Animal,Com Vítimas Feridas,Plena Noite,Decrescente,Céu Claro,Simples,Reta,Sim,2,0,2,0,0,0,2,1,-30.01290797,-52.8784164,SPRF-RS,DEL02-RS,UOP03-DEL02-RS,22/10/2022 23:00:00,0.0,15.5,15.5,88.0,3.0,7.2,0.0
26009,421542,3/19/2022,sábado,17:00:00,RS,287.0,248.0,SANTA MARIA,Manobra de mudança de faixa,Colisão lateral mesmo sentido,Com Vítimas Feridas,Pleno dia,Crescente,Céu Claro,Simples,Reta,Sim,3,0,0,2,1,0,2,2,-29.696018,-53.850956,SPRF-RS,DEL09-RS,UOP01-DEL09-RS,19/03/2022 17:00:00,0.0,21.1,19.9,53.0,46.0,10.8,1.0
44593,466958,8/9/2022,terça-feira,14:33:00,PI,343.0,1.0,TERESINA,Ausência de reação do condutor,Colisão lateral mesmo sentido,Com Vítimas Feridas,Pleno dia,Decrescente,Céu Claro,Dupla,Não Informado,Sim,2,0,0,1,0,1,1,2,-5.089569,-42.802288,SPRF-PI,DEL01-PI,UOP01-DEL01-PI,09/08/2022 15:00:00,0.0,34.8,35.4,27.0,2.0,8.5,1.0
29636,444311,4/17/2022,domingo,15:00:00,RS,285.0,208.0,LAGOA VERMELHA,Desrespeitar a preferência no cruzamento,Colisão transversal,Com Vítimas Feridas,Pleno dia,Decrescente,Céu Claro,Simples,Interseção de vias,Não,5,0,1,0,4,0,1,2,-28.221825,-51.598278,SPRF-RS,DEL08-RS,UOP05-DEL08-RS,17/04/2022 15:00:00,0.0,19.5,18.6,53.0,57.0,5.5,1.0
19274,410223,1/21/2022,sexta-feira,14:40:00,TO,153.0,648.0,DUERE,Ingestão de álcool pelo condutor,Saída de leito carroçável,Sem Vítimas,Pleno dia,Decrescente,Céu Claro,Simples,Reta,Não,1,0,0,0,1,0,0,1,-11.51790109,-49.01264672,SPRF-TO,DEL01-TO,UOP02-DEL01-TO,21/01/2022 15:00:00,0.0,32.8,38.1,51.0,32.0,6.4,1.0
48151,472491,9/5/2022,segunda-feira,4:00:00,MS,262.0,361.0,CAMPO GRANDE,Ausência de reação do condutor,Saída de leito carroçável,Sem Vítimas,Plena Noite,Crescente,Céu Claro,Simples,Rotatória,Não,1,0,0,0,0,1,0,1,-20.5189368,-54.71594677,SPRF-MS,DEL01-MS,UOP03-DEL01-MS,05/09/2022 04:00:00,0.0,18.7,17.4,65.0,11.0,13.4,0.0
45127,467840,8/13/2022,sábado,17:10:00,RS,386.0,113.1,SARANDI,Acessar a via sem observar a presença dos outros veículos,Colisão transversal,Com Vítimas Feridas,Pleno dia,Decrescente,Nublado,Simples,Curva,Não,5,0,3,0,2,0,3,2,-27.814682,-53.04085493,SPRF-RS,DEL08-RS,UOP01-DEL08-RS,13/08/2022 17:00:00,0.0,20.8,21.6,66.0,25.0,4.1,1.0
47029,470747,8/28/2022,domingo,1:20:00,GO,60.0,101.0,ANAPOLIS,Entrada inopinada do pedestre,Atropelamento de Pedestre,Com Vítimas Fatais,Plena Noite,Decrescente,Céu Claro,Dupla,Reta,Sim,3,1,0,0,2,0,0,1,-16.403632,-48.978005,SPRF-GO,DEL02-GO,UOP01-DEL02-GO,28/08/2022 01:00:00,0.0,18.9,16.4,41.0,5.0,9.1,0.0
51446,477645,9/29/2022,quinta-feira,20:25:00,PI,316.0,314.0,PICOS,Acessar a via sem observar a presença dos outros veículos,Colisão transversal,Com Vítimas Feridas,Plena Noite,Decrescente,Céu Claro,Simples,Reta,Sim,2,0,1,0,1,0,1,2,-7.079388,-41.433292,SPRF-PI,DEL04-PI,UOP01-DEL04-PI,29/09/2022 20:00:00,0.0,32.7,31.4,26.0,19.0,10.7,0.0
57495,486584,11/13/2022,domingo,14:30:00,SC,101.0,114.0,ITAJAI,Avarias e/ou desgaste excessivo no pneu,Colisão com objeto,Sem Vítimas,Pleno dia,Decrescente,Céu Claro,Múltipla,Reta,Sim,1,0,0,0,0,1,0,1,-26.86192886,-48.7286704,SPRF-SC,DEL04-SC,UOP04-DEL04-SC,13/11/2022 15:00:00,0.0,23.6,25.5,83.0,56.0,18.9,1.0
59804,490114,12/1/2022,quinta-feira,20:40:00,PB,101.0,14.0,MAMANGUAPE,Demais falhas mecânicas ou elétricas,Incêndio,Sem Vítimas,Plena Noite,Decrescente,Céu Claro,Dupla,Reta,Não,1,0,0,0,1,0,0,1,-6.61713815,-35.13803934,SPRF-PB,DEL01-PB,UOP04-DEL01-PB,01/12/2022 21:00:00,0.0,24.9,27.9,79.0,18.0,9.4,0.0
40999,461458,7/10/2022,domingo,1:43:00,PE,232.0,196.0,SANHARO,Transitar na contramão,Colisão transversal,Com Vítimas Feridas,Plena Noite,Crescente,Chuva,Simples,Reta,Não,2,0,0,1,0,1,1,2,-8.36547121,-36.5628009,SPRF-PE,DEL03-PE,UOP02-DEL03-PE,10/07/2022 02:00:00,0.0,18.8,19.8,97.0,100.0,14.0,0.0
9564,465515,8/2/2022,terça-feira,17:30:00,MS,163.0,639.0,SAO GABRIEL DO OESTE,Pedestre andava na pista,Atropelamento de Pedestre,Com Vítimas Fatais,Plena Noite,Crescente,Céu Claro,Dupla,Reta,Sim,2,1,0,0,1,0,0,1,-19.22843163,-54.69877591,SPRF-MS,DEL06-MS,UOP02-DEL06-MS,02/08/2022 18:00:00,0.0,29.6,27.8,23.0,27.0,5.9,1.0
24796,419574,3/9/2022,quarta-feira,19:10:00,PE,101.0,45.8,IGARASSU,Entrada inopinada do pedestre,Atropelamento de Pedestre,Com Vítimas Feridas,Plena Noite,Decrescente,Céu Claro,Múltipla,Reta,Sim,2,0,0,1,0,1,1,1,-7.86521297,-34.90715176,SPRF-PE,DEL01-PE,UOP02-DEL01-PE,09/03/2022 19:00:00,0.0,26.9,30.7,80.0,8.0,12.2,0.0
37352,455976,6/15/2022,quarta-feira,13:30:00,SC,282.0,17.2,PALHOCA,Trafegar com motocicleta (ou similar) entre as faixas,Colisão transversal,Com Vítimas Feridas,Pleno dia,Crescente,Céu Claro,Dupla,Interseção de vias,Sim,2,0,1,0,0,1,1,2,-27.665707,-48.688065,SPRF-SC,DEL01-SC,UOP02-DEL01-SC,15/06/2022 14:00:00,0.0,19.3,18.4,66.0,90.0,12.7,1.0
57458,486524,11/13/2022,domingo,8:00:00,SC,101.0,193.0,BIGUACU,Manobra de mudança de faixa,Colisão lateral mesmo sentido,Sem Vítimas,Pleno dia,Decrescente,Céu Claro,Dupla,Túnel,Sim,2,0,0,0,2,0,0,2,-27.489574,-48.655914,SPRF-SC,DEL01-SC,UOP01-DEL01-SC,13/11/2022 08:00:00,0.1,22.5,23.8,80.0,57.0,13.1,1.0
10448,469319,8/20/2022,sábado,18:40:00,PR,153.0,338.0,IRATI,Transitar na contramão,Colisão frontal,Com Vítimas Feridas,Plena Noite,Crescente,Céu Claro,Simples,Não Informado,Sim,2,0,0,1,1,0,1,2,-25.51485498,-50.65402607,SPRF-PR,DEL08-PR,UOP02-DEL08-PR,20/08/2022 19:00:00,0.0,10.0,7.4,78.0,5.0,11.4,0.0
5621,448871,5/9/2022,segunda-feira,16:30:00,PA,10.0,137.0,PARAGOMINAS,Pista em desnível,Saída de leito carroçável,Com Vítimas Feridas,Pleno dia,Crescente,Nublado,Simples,Desvio Temporário,Não,1,0,1,0,0,0,1,1,-3.24103008,-47.47626444,SPRF-PA,DEL02-PA,UOP01-DEL02-PA,09/05/2022 17:00:00,0.3,25.6,30.5,84.0,65.0,3.3,1.0
11752,474859,9/16/2022,sexta-feira,23:45:00,PI,135.0,540.0,SAO GONCALO DO GURGUEIA,Reação tardia ou ineficiente do condutor,Tombamento,Com Vítimas Feridas,Plena Noite,Crescente,Céu Claro,Simples,Curva,Não,1,0,0,1,0,0,1,1,-10.04142474,-45.29454879,SPRF-PI,DEL03-PI,UOP02-DEL03-PI,17/09/2022 00:00:00,0.0,26.5,25.8,39.0,32.0,8.0,0.0
28699,442945,4/9/2022,sábado,20:30:00,RJ,116.0,139.0,DUQUE DE CAXIAS,Pedestre cruzava a pista fora da faixa,Atropelamento de Pedestre,Com Vítimas Feridas,Plena Noite,Decrescente,Céu Claro,Dupla,Reta,Não,2,0,2,0,0,0,2,1,-22.64655224,-43.20138601,SPRF-RJ,DEL01-RJ,UOP01-DEL01-RJ,09/04/2022 21:00:00,0.0,24.0,28.5,93.0,32.0,6.0,0.0
12150,476758,9/25/2022,domingo,13:31:00,TO,153.0,405.0,MIRANORTE,Acessar a via sem observar a presença dos outros veículos,Colisão lateral mesmo sentido,Com Vítimas Feridas,Pleno dia,Decrescente,Céu Claro,Simples,Desvio Temporário,Não,2,0,1,0,1,0,1,2,-9.45445904,-48.57818379,SPRF-TO,DEL02-TO,UOP02-DEL02-TO,25/09/2022 14:00:00,0.2,26.2,29.9,78.0,98.0,8.7,1.0
35513,453190,5/31/2022,terça-feira,19:35:00,RJ,116.0,268.0,BARRA MANSA,Acumulo de areia ou detritos sobre o pavimento,Capotamento,Com Vítimas Feridas,Plena Noite,Crescente,Nublado,Dupla,Não Informado,Sim,1,0,1,0,0,0,1,1,-22.55271018,-44.17778004,SPRF-RJ,DEL07-RJ,UOP02-DEL07-RJ,31/05/2022 20:00:00,0.0,19.3,22.1,93.0,100.0,1.1,0.0
49427,474440,9/14/2022,quarta-feira,22:00:00,PE,232.0,508.0,SALGUEIRO,Acessar a via sem observar a presença dos outros veículos,Colisão transversal,Com Vítimas Feridas,Plena Noite,Crescente,Céu Claro,Simples,Reta,Sim,3,0,1,0,0,2,1,2,-8.06223271,-39.12095006,SPRF-PE,DEL05-PE,UOP01-DEL05-PE,14/09/2022 22:00:00,0.0,25.1,24.5,54.0,1.0,15.3,0.0
26557,422411,3/24/2022,quinta-feira,8:30:00,MG,459.0,105.0,POUSO ALEGRE,Condutor deixou de manter distância do veículo da frente,Colisão traseira,Com Vítimas Feridas,Pleno dia,Crescente,Nublado,Dupla,Reta,Não,2,0,1,0,1,0,1,2,-22.227884,-45.903973,SPRF-MG,DEL16-MG,UOP01-DEL16-MG,24/03/2022 09:00:00,0.0,21.4,21.9,73.0,69.0,11.3,1.0
58630,488299,11/21/2022,segunda-feira,6:30:00,SP,153.0,18.0,NOVA GRANADA,Acessar a via sem observar a presença dos outros veículos,Colisão transversal,Com Vítimas Feridas,Pleno dia,Decrescente,Céu Claro,Simples,Não Informado,Não,3,0,1,1,1,0,2,2,-20.44382107,-49.28091485,SPRF-SP,DEL09-SP,UOP01-DEL09-SP,21/11/2022 07:00:00,0.0,22.5,24.4,84.0,7.0,11.9,1.0
6266,451579,5/23/2022,segunda-feira,15:30:00,MT,364.0,270.8,JACIARA,Condutor deixou de manter distância do veículo da frente,Colisão traseira,Com Vítimas Feridas,Pleno dia,Decrescente,Céu Claro,Dupla,Reta,Sim,3,0,1,0,2,0,1,3,-15.9689785,-54.94463002,SPRF-MT,DEL02-MT,UOP01-DEL02-MT,23/05/2022 16:00:00,0.0,29.8,29.1,29.0,17.0,4.6,1.0
25064,420012,3/12/2022,sábado,0:05:00,MG,40.0,521.0,CONTAGEM,Acessar a via sem observar a presença dos outros veículos,Colisão transversal,Com Vítimas Feridas,Plena Noite,Crescente,Céu Claro,Dupla,Não Informado,Sim,4,0,1,1,0,2,2,3,-19.85367266,-44.0725565,SPRF-MG,DEL01-MG,UOP02-DEL01-MG,12/03/2022 00:00:00,0.0,20.7,22.2,78.0,36.0,5.8,0.0
7506,457058,6/21/2022,terça-feira,1:39:00,SP,116.0,349.5,MIRACATU,Velocidade Incompatível,Colisão com objeto,Com Vítimas Feridas,Plena Noite,Crescente,Nublado,Dupla,Curva,Não,1,0,0,1,0,0,1,1,-24.05190879,-47.213052,SPRF-SP,DEL04-SP,UOP02-DEL04-SP,21/06/2022 02:00:00,0.0,13.2,13.1,97.0,20.0,6.8,0.0
31797,447584,4/15/2022,sexta-feira,6:30:00,RR,174.0,202.0,RORAINOPOLIS,Ingestão de álcool pelo condutor,Colisão lateral sentido oposto,Com Vítimas Feridas,Pleno dia,Crescente,Sol,Simples,Reta,Não,2,0,0,1,1,0,1,2,0.663227,-60.450893,SPRF-RR,,UOP01-DEL01-RR,15/04/2022 07:00:00,1.5,23.3,28.8,100.0,100.0,1.5,1.0
39197,458687,6/29/2022,quarta-feira,16:00:00,SC,470.0,3.0,NAVEGANTES,Acessar a via sem observar a presença dos outros veículos,Colisão frontal,Com Vítimas Feridas,Pleno dia,Decrescente,Céu Claro,Dupla,Não Informado,Sim,4,0,0,1,2,1,1,3,-26.86722383,-48.67642879,SPRF-SC,DEL04-SC,UOP04-DEL04-SC,29/06/2022 16:00:00,0.0,18.8,16.5,55.0,0.0,15.9,1.0