,id,data_inversa,dia_semana,horario,uf,br,km,municipio,causa_acidente,tipo_acidente,classificacao_acidente,fase_dia,sentido_via,condicao_metereologica,tipo_pista,tracado_via,uso_solo,pessoas,mortos,feridos_leves,feridos_graves,ilesos,ignorados,feridos,veiculos,latitude,longitude,regional,delegacia,uop,rounded_datetime,rain,temperature_2m,apparent_temperature,relativehumidity_2m,cloudcover,windspeed_10m,is_day
56141,484509,11/3/2022,quinta-feira,7:20:00,RN,101.0,108.8,PARNAMIRIM,Acostamento em desnível,Queda de ocupante de veículo,Com Vítimas Feridas,Pleno dia,Decrescente,Céu Claro,Dupla,Reta,Sim,2,0,2,0,0,0,2,1,-5.9339293,-35.26468138,SPRF-RN,DEL01-RN,UOP01-DEL01-RN,03/11/2022 07:00:00,0.0,26.8,29.0,71.0,52.0,14.7,1.0
43676,465603,8/3/2022,quarta-feira,5:15:00,SC,101.0,376.9,ICARA,Condutor Dormindo,Saída de leito carroçável,Com Vítimas Feridas,Plena Noite,Crescente,Nublado,Múltipla,Reta,Sim,1,0,0,1,0,0,1,1,-28.72736111,-49.24066084,SPRF-SC,DEL02-SC,UOP01-DEL02-SC,03/08/2022 05:00:00,0.0,16.3,16.4,93.0,18.0,11.2,0.0
14542,487309,11/16/2022,quarta-feira,20:30:00,MG,381.0,182.0,GOVERNADOR VALADARES,Ausência de reação do condutor,Colisão traseira,Com Vítimas Fatais,Plena Noite,Decrescente,Céu Claro,Simples,Reta,Não,2,1,0,0,1,0,0,2,-19.05474801,-42.16027093,SPRF-MG,DEL06-MG,UOP01-DEL06-MG,16/11/2022 21:00:00,0.5,22.2,25.8,93.0,40.0,5.2,0.0
57213,486171,11/11/2022,sexta-feira,19:45:00,RN,101.0,72.4,EXTREMOZ,Ingestão de álcool pelo condutor,Engavetamento,Com Vítimas Feridas,Plena Noite,Crescente,Céu Claro,Simples,Não Informado,Não,3,0,2,0,1,0,2,3,-5.69866248,-35.26316835,SPRF-RN,DEL02-RN,UOP01-DEL02-RN,11/11/2022 20:00:00,0.0,25.7,26.9,74.0,29.0,20.9,0.0
3334,421862,3/21/2022,segunda-feira,5:40:00,RS,290.0,61.0,GRAVATAI,Ausência de reação do condutor,Colisão traseira,Com Vítimas Feridas,Amanhecer,Crescente,Nublado,Dupla,Reta,Não,2,0,2,0,0,0,2,2,-29.92622541,-50.86344838,SPRF-RS,DEL03-RS,UOP01-DEL03-RS,21/03/2022 06:00:00,0.0,15.3,14.1,75.0,17.0,10.0,0.0
7037,454743,6/9/2022,quinta-feira,5:26:00,RS,386.0,418.7,MONTENEGRO,Acessar a via sem observar a presença dos outros veículos,Colisão transversal,Com Vítimas Feridas,Plena Noite,Decrescente,Nevoeiro/Neblina,Simples,Desvio Temporário,Não,2,0,1,0,1,0,1,2,-29.81767324,-51.43381476,SPRF-RS,DEL04-RS,UOP02-DEL04-RS,09/06/2022 05:00:00,0.0,12.4,12.8,99.0,98.0,2.0,0.0
5220,447034,5/1/2022,domingo,5:30:00,MG,40.0,458.9,CAETANOPOLIS,Condutor Dormindo,Colisão traseira,Com Vítimas Feridas,Amanhecer,Decrescente,Céu Claro,Dupla,Não Informado,Sim,2,0,0,1,1,0,1,2,-19.37850251,-44.33770895,SPRF-MG,DEL02-MG,UOP01-DEL02-MG,01/05/2022 06:00:00,0.0,15.1,14.6,77.0,3.0,6.0,0.0
3958,424326,4/3/2022,domingo,7:10:00,PE,423.0,107.0,CAETES,Retorno proibido,Colisão transversal,Com Vítimas Feridas,Pleno dia,Crescente,Céu Claro,Simples,Desvio Temporário,Não,3,0,0,2,1,0,2,2,-8.8839803,-36.58154392,SPRF-PE,DEL03-PE,UOP01-DEL03-PE,03/04/2022 07:00:00,0.3,21.0,22.8,89.0,63.0,11.3,1.0
31291,446787,4/29/2022,sexta-feira,20:00:00,PB,230.0,396.4,POMBAL,Ultrapassagem Indevida,Colisão frontal,Com Vítimas Feridas,Plena Noite,Crescente,Céu Claro,Simples,Desvio Temporário,Não,2,0,0,1,0,1,1,2,-6.8525,-37.7424,SPRF-PB,DEL03-PB,UOP02-DEL03-PB,29/04/2022 20:00:00,0.0,26.6,28.1,62.0,42.0,12.0,0.0
59113,489053,11/27/2022,domingo,6:50:00,PR,280.0,313.0,BARRACAO,Condutor Dormindo,Saída de leito carroçável,Com Vítimas Feridas,Pleno dia,Crescente,Céu Claro,Simples,Curva,Não,3,0,1,2,0,0,3,1,-26.28999984,-53.47270497,SPRF-PR,DEL02-PR,UOP01-DEL02-PR,27/11/2022 07:00:00,0.0,18.6,18.7,80.0,13.0,11.2,1.0
22143,415197,2/15/2022,terça-feira,17:45:00,MG,116.0,460.8,TARUMIRIM,Transitar na contramão,Colisão frontal,Com Vítimas Fatais,Pleno dia,Crescente,Nublado,Simples,Reta,Não,2,1,0,1,0,0,1,2,-19.23400711,-42.05671434,SPRF-MG,DEL06-MG,UOP02-DEL06-MG,15/02/2022 18:00:00,0.4,25.6,30.4,85.0,68.0,4.9,1.0
33780,450568,2/23/2022,quarta-feira,8:20:00,PB,230.0,162.4,CAMPINA GRANDE,Conversão proibida,Colisão lateral mesmo sentido,Com Vítimas Feridas,Pleno dia,Decrescente,Céu Claro,Simples,Curva,Não,3,0,0,3,0,0,3,2,-7.2277,-35.9439,SPRF-PB,DEL02-PB,UOP01-DEL02-PB,23/02/2022 08:00:00,0.0,23.8,25.2,77.0,49.0,15.0,1.0
40254,460346,7/8/2022,sexta-feira,6:55:00,PE,407.0,127.1,PETROLINA,Condutor desrespeitou a iluminação vermelha do semáforo,Colisão transversal,Com Vítimas Feridas,Pleno dia,Decrescente,Céu Claro,Simples,Interseção de vias,Sim,3,0,1,1,1,0,2,2,-9.39144171,-40.5189085,SPRF-PE,DEL06-PE,UOP01-DEL06-PE,08/07/2022 07:00:00,0.0,19.0,18.8,83.0,38.0,15.9,1.0
34365,451468,5/23/2022,segunda-feira,5:30:00,GO,50.0,223.0,CAMPO ALEGRE DE GOIAS,Condutor Dormindo,Saída de leito carroçável,Com Vítimas Feridas,Amanhecer,Crescente,Céu Claro,Dupla,Reta,Não,2,0,1,0,1,0,1,1,-17.7479,-47.7356,SPRF-GO,DEL06-GO,UOP01-DEL06-GO,23/05/2022 06:00:00,0.0,14.6,12.3,64.0,3.0,11.9,0.0
8864,462601,7/19/2022,terça-feira,1:10:00,MT,70.0,144.0,GENERAL CARNEIRO,Ausência de reação do condutor,Tombamento,Com Vítimas Feridas,Plena Noite,Decrescente,Céu Claro,Simples,Reta,Não,1,0,1,0,0,0,1,1,-15.58640672,-53.31997998,SPRF-MT,DEL07-MT,UOP01-DEL07-MT,19/07/2022 01:00:00,0.0,19.9,17.8,42.0,4.0,8.5,0.0
39997,459929,7/5/2022,terça-feira,19:00:00,SP,116.0,147.0,SAO JOSE DOS CAMPOS,Ausência de reação do condutor,Saída de leito carroçável,Sem Vítimas,Plena Noite,Crescente,Céu Claro,Dupla,Reta,Sim,1,0,0,0,1,0,0,1,-23.19542994,-45.87176303,SPRF-SP,DEL02-SP,UOP01-DEL02-SP,05/07/2022 19:00:00,0.0,21.1,21.4,54.0,0.0,1.3,0.0
13207,481283,10/17/2022,segunda-feira,12:10:00,GO,364.0,236.0,JATAI,Condutor deixou de manter distância do veículo da frente,Colisão traseira,Com Vítimas Feridas,Pleno dia,Crescente,Céu Claro,Simples,Reta,Não,6,0,5,0,1,0,5,2,-17.79560235,-52.05373764,SPRF-GO,DEL05-GO,UOP01-DEL05-GO,17/10/2022 12:00:00,0.0,31.5,33.2,29.0,16.0,10.2,1.0
46706,470291,8/26/2022,sexta-feira,0:12:00,SC,101.0,213.0,PALHOCA,Ingestão de álcool pelo condutor,Colisão traseira,Com Vítimas Feridas,Plena Noite,Decrescente,Céu Claro,Dupla,Reta,Sim,3,0,1,0,1,1,1,2,-27.63697369,-48.66514142,SPRF-SC,DEL01-SC,UOP02-DEL01-SC,26/08/2022 00:00:00,0.0,15.2,16.1,98.0,42.0,5.2,0.0
3151,421044,3/17/2022,quinta-feira,4:00:00,BA,407.0,5.0,JUAZEIRO,Demais falhas mecânicas ou elétricas,Incêndio,Sem Vítimas,Plena Noite,Crescente,Céu Claro,Simples,Reta,Sim,1,0,0,0,1,0,0,1,-9.44778544,-40.49043801,SPRF-PE,DEL06-PE,UOP01-DEL06-PE,17/03/2022 04:00:00,0.1,23.9,27.8,85.0,94.0,4.3,0.0
21942,414818,2/13/2022,domingo,19:45:00,RJ,116.0,83.0,TERESOPOLIS,Transitar na contramão,Colisão frontal,Com Vítimas Feridas,Plena Noite,Crescente,Nublado,Simples,Viaduto,Sim,5,0,1,3,1,0,4,2,-22.41517488,-42.95011324,SPRF-RJ,DEL04-RJ,UOP01-DEL04-RJ,13/02/2022 20:00:00,0.1,20.8,22.9,83.0,50.0,5.1,0.0
1207,412208,1/31/2022,segunda-feira,12:35:00,GO,153.0,121.0,ESTRELA DO NORTE,Reação tardia ou ineficiente do condutor,Colisão transversal,Com Vítimas Fatais,Pleno dia,Decrescente,Céu Claro,Simples,Reta,Não,5,1,0,3,1,0,3,2,-13.831677,-49.043766,SPRF-GO,DEL07-GO,UOP01-DEL07-GO,31/01/2022 13:00:00,0.1,26.3,30.7,76.0,100.0,7.2,1.0
17604,406165,1/5/2022,quarta-feira,19:36:00,SC,116.0,21.4,ITAIOPOLIS,Ultrapassagem Indevida,Colisão frontal,Com Vítimas Feridas,Plena Noite,Decrescente,Chuva,Simples,Reta,Não,4,0,2,2,0,0,4,2,-26.24948781,-49.90733133,SPRF-SC,DEL06-SC,UOP01-DEL06-SC,05/01/2022 20:00:00,0.2,20.8,22.8,87.0,98.0,8.2,0.0
43189,464871,7/30/2022,sábado,14:10:00,RS,285.0,293.1,PASSO FUNDO,Ausência de reação do condutor,Colisão traseira,Sem Vítimas,Pleno dia,Decrescente,Sol,Dupla,Interseção de vias,Não,3,0,0,0,3,0,0,2,-28.236645,-52.375156,SPRF-RS,DEL08-RS,UOP03-DEL08-RS,30/07/2022 14:00:00,0.0,14.6,13.9,57.0,0.0,3.5,1.0
17401,405773,1/3/2022,segunda-feira,18:45:00,SE,101.0,34.6,CAPELA,Acessar a via sem observar a presença dos outros veículos,Atropelamento de Pedestre,Com Vítimas Feridas,Plena Noite,Decrescente,Céu Claro,Dupla,Reta,Não,2,0,0,1,1,0,1,1,-10.47630604,-36.95093032,SPRF-SE,DEL02-SE,UOP02-DEL02-SE,03/01/2022 19:00:00,0.0,25.6,28.1,74.0,35.0,10.6,0.0
53773,481101,10/16/2022,domingo,19:35:00,BA,324.0,590.0,CANDEIAS,Reação tardia ou ineficiente do condutor,Saída de leito carroçável,Com Vítimas Feridas,Plena Noite,Crescente,Céu Claro,Dupla,Reta,Não,5,0,2,0,3,0,2,1,-12.67291202,-38.46908411,SPRF-BA,DEL01-BA,UOP01-DEL01-BA,16/10/2022 20:00:00,0.0,24.5,26.3,74.0,14.0,12.7,0.0
35276,452833,5/29/2022,domingo,11:00:00,GO,158.0,96.0,PIRANHAS,Acessar a via sem observar a presença dos outros veículos,Colisão transversal,Com Vítimas Feridas,Pleno dia,Decrescente,Céu Claro,Simples,Reta,Não,5,0,2,1,1,1,3,2,-16.47430691,-51.78897274,SPRF-GO,DEL04-GO,UOP01-DEL04-GO,29/05/2022 11:00:00,0.0,28.6,28.9,39.0,8.0,8.4,1.0
17660,407088,1/6/2022,quinta-feira,8:45:00,RN,101.0,109.0,PARNAMIRIM,Ausência de sinalização,Colisão traseira,Com Vítimas Feridas,Pleno dia,Decrescente,Céu Claro,Dupla,Reta,Sim,2,0,1,0,1,0,1,2,-5.937378,-35.26483,SPRF-RN,DEL01-RN,UOP01-DEL01-RN,06/01/2022 09:00:00,0.1,27.6,30.6,74.0,34.0,16.2,1.0
48752,473424,9/10/2022,sábado,1:13:00,MG,381.0,896.7,CAMBUI,Entrada inopinada do pedestre,Atropelamento de Pedestre,Com Vítimas Fatais,Plena Noite,Decrescente,Céu Claro,Dupla,Reta,Sim,2,1,0,0,0,1,0,1,-22.63125698,-46.07854411,SPRF-MG,DEL16-MG,UOP03-DEL16-MG,10/09/2022 01:00:00,0.0,23.3,22.3,42.0,42.0,5.9,0.0
64287,501067,11/20/2022,domingo,20:40:00,PI,407.0,568.0,PAULISTANA,Reação tardia ou ineficiente do condutor,Saída de leito carroçável,Com Vítimas Feridas,Plena Noite,Crescente,Garoa/Chuvisco,Simples,Reta,Sim,2,0,0,1,0,1,1,1,-8.126173,-41.151153,SPRF-PI,DEL04-PI,UOP01-DEL04-PI,20/11/2022 21:00:00,0.0,25.4,28.3,70.0,39.0,4.3,0.0
16198,494208,12/21/2022,quarta-feira,11:20:00,SC,101.0,122.0,ITAJAI,Demais falhas mecânicas ou elétricas,Saída de leito carroçável,Sem Vítimas,Pleno dia,Crescente,Garoa/Chuvisco,Dupla,Reta,Sim,1,0,0,0,1,0,0,1,-26.92955916,-48.70499836,SPRF-SC,DEL04-SC,UOP04-DEL04-SC,21/12/2022 11:00:00,0.2,22.7,24.4,75.0,48.0,16.3,1.0
4464,443570,4/8/2022,sexta-feira,23:30:00,SP,381.0,41.0,ATIBAIA,Condutor deixou de manter distância do veículo da frente,Colisão traseira,Sem Vítimas,Plena Noite,Crescente,Céu Claro,Dupla,Reta,Não,2,0,0,0,2,0,0,2,-23.13863999,-46.57584088,SPRF-SP,DEL03-SP,UOP01-DEL03-SP,09/04/2022 00:00:00,0.0,20.6,24.1,98.0,100.0,3.6,0.0
37808,456616,6/18/2022,sábado,18:27:00,MG,262.0,37.0,MANHUACU,Acesso irregular,Colisão frontal,Com Vítimas Feridas,Plena Noite,Crescente,Céu Claro,Simples,Curva,Sim,4,0,1,0,3,0,1,2,-20.25748975,-42.03048732,SPRF-MG,DEL06-MG,UOP03-DEL06-MG,18/06/2022 18:00:00,0.0,22.3,22.4,55.0,0.0,5.5,0.0
29998,444833,4/19/2022,terça-feira,18:45:00,BA,101.0,279.0,LAJE,Condutor deixou de manter distância do veículo da frente,Colisão traseira,Sem Vítimas,Plena Noite,Crescente,Garoa/Chuvisco,Simples,Desvio Temporário,Não,3,0,0,0,3,0,0,3,-13.0860829,-39.27715302,SPRF-BA,DEL01-BA,UOP02-DEL01-BA,19/04/2022 19:00:00,0.1,22.3,24.0,87.0,100.0,14.2,0.0
27245,423471,3/29/2022,terça-feira,20:05:00,RO,364.0,241.9,CACOAL,Reação tardia ou ineficiente do condutor,Colisão traseira,Sem Vítimas,Plena Noite,Decrescente,Nublado,Simples,Rotatória,Sim,2,0,0,0,2,0,0,2,-11.44084787,-61.48767999,SPRF-RO,DEL02-RO,UOP02-DEL02-RO,29/03/2022 20:00:00,0.1,24.3,29.2,93.0,81.0,4.6,0.0
17421,405801,1/3/2022,segunda-feira,19:40:00,SC,101.0,205.2,SAO JOSE,Ausência de reação do condutor,Colisão com objeto,Com Vítimas Feridas,Plena Noite,Decrescente,Céu Claro,Múltipla,Curva,Sim,1,0,1,0,0,0,1,1,-27.58313237,-48.61532885,SPRF-SC,DEL01-SC,UOP01-DEL01-SC,03/01/2022 20:00:00,0.0,25.5,29.8,88.0,70.0,9.7,0.0
22982,416695,2/23/2022,quarta-feira,17:35:00,PB,101.0,86.2,BAYEUX,Ausência de reação do condutor,Colisão traseira,Sem Vítimas,Anoitecer,Decrescente,Céu Claro,Dupla,Reta,Sim,2,0,0,0,2,0,0,2,-7.1484,-34.9129,SPRF-PB,DEL01-PB,UOP01-DEL01-PB,23/02/2022 18:00:00,0.1,27.5,31.2,77.0,28.0,12.1,0.0
25330,420390,3/13/2022,domingo,16:00:00,TO,242.0,474.0,FORMOSO DO ARAGUAIA,Ausência de reação do condutor,Saída de leito carroçável,Com Vítimas Fatais,Pleno dia,Crescente,Céu Claro,Simples,Reta,Não,1,1,0,0,0,0,0,1,-11.79331115,-49.71867198,SPRF-TO,DEL01-TO,UOP02-DEL01-TO,13/03/2022 16:00:00,0.2,30.6,34.9,62.0,46.0,6.3,1.0
54768,482513,10/23/2022,domingo,17:45:00,PE,232.0,409.0,SERRA TALHADA,Ausência de reação do condutor,Atropelamento de Pedestre,Com Vítimas Feridas,Plena Noite,Crescente,Céu Claro,Simples,Reta,Sim,2,0,1,0,1,0,1,1,-7.98371447,-38.28047709,SPRF-PE,DEL04-PE,UOP01-DEL04-PE,23/10/2022 18:00:00,0.0,31.9,32.3,33.0,35.0,5.1,0.0
17772,407319,1/7/2022,sexta-feira,15:50:00,RO,364.0,712.0,PORTO VELHO,Ausência de reação do condutor,Colisão traseira,Com Vítimas Feridas,Pleno dia,Crescente,Céu Claro,Múltipla,Reta,Sim,2,0,1,0,1,0,1,2,-8.7770354,-63.87316466,SPRF-RO,DEL01-RO,UOP01-DEL01-RO,07/01/2022 16:00:00,2.6,28.7,33.6,76.0,62.0,8.8,1.0
6539,452693,5/28/2022,sábado,1:58:00,SC,282.0,586.8,PINHALZINHO,Condutor Dormindo,Saída de leito carroçável,Com Vítimas Feridas,Plena Noite,Decrescente,Chuva,Simples,Curva,Não,1,0,1,0,0,0,1,1,-26.832605,-53.03474,SPRF-SC,DEL07-SC,UOP02-DEL07-SC,28/05/2022 02:00:00,1.2,17.3,18.3,93.0,100.0,7.9,0.0
38199,457179,6/21/2022,terça-feira,18:00:00,CE,116.0,2.0,FORTALEZA,Manobra de mudança de faixa,Colisão lateral mesmo sentido,Com Vítimas Feridas,Plena Noite,Decrescente,Céu Claro,Múltipla,Não Informado,Sim,2,0,1,0,1,0,1,2,-3.77019802,-38.51724508,SPRF-CE,DEL01-CE,UOP02-DEL01-CE,21/06/2022 18:00:00,0.1,26.1,28.4,78.0,41.0,18.4,0.0
36169,454173,6/5/2022,domingo,15:10:00,RJ,40.0,110.0,DUQUE DE CAXIAS,Ausência de reação do condutor,Colisão frontal,Com Vítimas Feridas,Pleno dia,Decrescente,Céu Claro,Múltipla,Reta,Sim,5,0,4,1,0,0,5,2,-22.68289906,-43.28549346,SPRF-RJ,DEL01-RJ,UOP01-DEL01-RJ,05/06/2022 15:00:00,0.0,21.5,20.3,57.0,40.0,14.1,1.0
36703,455018,6/10/2022,sexta-feira,10:00:00,SC,101.0,53.0,JOINVILLE,Demais falhas mecânicas ou elétricas,Tombamento,Com Vítimas Feridas,Pleno dia,Crescente,Céu Claro,Dupla,Reta,Não,1,0,1,0,0,0,1,1,-26.40231201,-48.83969703,SPRF-SC,DEL03-SC,UOP01-DEL03-SC,10/06/2022 10:00:00,0.0,19.9,21.0,83.0,31.0,8.7,1.0
2343,417702,2/27/2022,domingo,19:20:00,GO,20.0,59.6,FORMOSA,Objeto estático sobre o leito carroçável,Saída de leito carroçável,Com Vítimas Feridas,Plena Noite,Crescente,Garoa/Chuvisco,Simples,Não Informado,Não,2,0,1,0,1,0,1,2,-15.25577,-47.165115,SPRF-DF,DEL02-DF,UOP01-DEL02-DF,27/02/2022 19:00:00,0.0,25.1,27.6,69.0,11.0,6.7,0.0
33218,449764,5/14/2022,sábado,7:50:00,RJ,116.0,296.0,PORTO REAL,Animais na Pista,Atropelamento de Animal,Com Vítimas Feridas,Pleno dia,Decrescente,Céu Claro,Dupla,Reta,Não,1,0,1,0,0,0,1,1,-22.44937197,-44.32171194,SPRF-RJ,DEL07-RJ,UOP02-DEL07-RJ,14/05/2022 08:00:00,0.0,17.8,19.2,89.0,39.0,4.7,1.0
46799,470428,8/26/2022,sexta-feira,16:40:00,RJ,101.0,480.0,ANGRA DOS REIS,Acessar a via sem observar a presença dos outros veículos,Colisão lateral mesmo sentido,Com Vítimas Feridas,Pleno dia,Crescente,Céu Claro,Simples,Reta,Não,2,0,0,1,1,0,1,2,-23.01331268,-44.28361913,SPRF-RJ,DEL03-RJ,UOP02-DEL03-RJ,26/08/2022 17:00:00,0.0,24.1,26.5,76.0,22.0,8.8,1.0
46231,469524,8/21/2022,domingo,18:10:00,PR,376.0,590.0,CURITIBA,Ausência de reação do condutor,Colisão transversal,Com Vítimas Feridas,Plena Noite,Crescente,Nublado,Múltipla,Reta,Sim,7,0,5,0,0,2,5,2,-25.45155592,-49.36237578,SPRF-PR,DEL01-PR,UAP06-DEL01-PR,21/08/2022 18:00:00,0.0,12.1,10.9,83.0,100.0,6.6,1.0
19414,410471,1/22/2022,sábado,18:30:00,SP,116.0,225.0,GUARULHOS,Trafegar com motocicleta (ou similar) entre as faixas,Colisão lateral mesmo sentido,Com Vítimas Feridas,Anoitecer,Crescente,Nublado,Múltipla,Não Informado,Não,3,0,2,0,0,1,2,2,-23.48586772,-46.54075317,SPRF-SP,DEL01-SP,UOP01-DEL01-SP,22/01/2022 19:00:00,0.0,23.9,26.7,88.0,11.0,13.6,0.0
60213,490726,12/4/2022,domingo,13:45:00,BA,324.0,622.0,SALVADOR,Pedestre cruzava a pista fora da faixa,Atropelamento de Pedestre,Com Vítimas Feridas,Pleno dia,Crescente,Céu Claro,Dupla,Curva,Sim,2,0,1,0,1,0,1,1,-12.91888605,-38.46502095,SPRF-BA,DEL01-BA,UOP01-DEL01-BA,04/12/2022 14:00:00,0.2,24.8,27.4,84.0,92.0,15.1,1.0
43970,466073,8/5/2022,sexta-feira,12:47:00,GO,153.0,508.0,APARECIDA DE GOIANIA,Reação tardia ou ineficiente do condutor,Colisão transversal,Com Vítimas Feridas,Pleno dia,Crescente,Céu Claro,Dupla,Não Informado,Sim,2,0,1,0,1,0,1,2,-16.7804,-49.2371,SPRF-GO,DEL01-GO,UOP03-DEL01-GO,05/08/2022 13:00:00,0.0,30.5,30.9,22.0,11.0,3.6,1.0
50428,475932,9/22/2022,quinta-feira,10:50:00,GO,60.0,382.0,RIO VERDE,Reação tardia ou ineficiente do condutor,Queda de ocupante de veículo,Com Vítimas Feridas,Pleno dia,Decrescente,Garoa/Chuvisco,Dupla,Desvio Temporário,Não,1,0,1,0,0,0,1,1,-17.779,-50.8933,SPRF-GO,DEL04-GO,UOP01-DEL04-GO,22/09/2022 11:00:00,0.1,28.8,30.8,54.0,100.0,9.1,1.0
43333,465066,7/31/2022,domingo,9:30:00,PA,230.0,123.7,MARABA,Transitar na contramão,Atropelamento de Pedestre,Com Vítimas Feridas,Pleno dia,Decrescente,Nublado,Dupla,Reta,Sim,2,0,0,1,1,0,1,1,-5.36838526,-49.12886078,SPRF-PA,DEL03-PA,UOP01-DEL03-PA,31/07/2022 10:00:00,0.0,29.2,33.0,65.0,37.0,8.9,1.0
40984,461437,7/13/2022,quarta-feira,10:30:00,RS,290.0,102.0,PORTO ALEGRE,Ausência de reação do condutor,Colisão traseira,Com Vítimas Feridas,Pleno dia,Decrescente,Céu Claro,Simples,Ponte,Não,2,0,1,0,1,0,1,2,-29.987228,-51.25613,SPRF-RS,DEL01-RS,UOP01-DEL01-RS,13/07/2022 11:00:00,0.0,12.5,10.1,66.0,3.0,10.5,1.0
905,410719,1/23/2022,domingo,16:40:00,MG,116.0,770.6,LEOPOLDINA,Curva acentuada,Tombamento,Com Vítimas Feridas,Pleno dia,Crescente,Céu Claro,Simples,Curva,Não,1,0,0,1,0,0,1,1,-21.55638202,-42.67583002,SPRF-MG,DEL07-MG,UOP01-DEL07-MG,23/01/2022 17:00:00,0.0,30.2,31.6,46.0,16.0,8.4,1.0
59357,489409,11/28/2022,segunda-feira,11:50:00,RS,285.0,294.3,PASSO FUNDO,Avarias e/ou desgaste excessivo no pneu,Queda de ocupante de veículo,Com Vítimas Feridas,Pleno dia,Decrescente,Sol,Simples,Reta,Sim,1,0,1,0,0,0,1,1,-28.234547,-52.384975,SPRF-RS,DEL08-RS,UOP03-DEL08-RS,28/11/2022 12:00:00,0.0,25.1,25.7,47.0,67.0,20.1,1.0
5530,448366,5/7/2022,sábado,19:40:00,MG,381.0,744.2,TRES CORACOES,Ausência de reação do condutor,Colisão com objeto,Com Vítimas Feridas,Plena Noite,Decrescente,Ignorado,Dupla,Curva,Não,1,0,1,0,0,0,1,1,-21.61947185,-45.24573326,SPRF-MG,DEL16-MG,UOP02-DEL16-MG,07/05/2022 20:00:00,0.0,19.0,17.5,67.0,5.0,16.3,0.0
63820,496149,12/30/2022,sexta-feira,4:40:00,MG,381.0,420.0,CAETE,Acessar a via sem observar a presença dos outros veículos,Colisão transversal,Com Vítimas Feridas,Amanhecer,Decrescente,Nublado,Dupla,Não Informado,Sim,2,0,1,0,1,0,1,2,-19.77712975,-43.65501412,SPRF-MG,DEL01-MG,UOP01-DEL01-MG,30/12/2022 05:00:00,0.0,18.0,19.8,96.0,56.0,5.4,0.0
17745,407246,1/7/2022,sexta-feira,11:50:00,SP,153.0,58.9,SAO JOSE DO RIO PRETO,Pista Escorregadia,Queda de ocupante de veículo,Com Vítimas Feridas,Pleno dia,Decrescente,Céu Claro,Dupla,Reta,Não,2,0,2,0,0,0,2,1,-20.77838195,-49.35300538,SPRF-SP,DEL09-SP,UOP01-DEL09-SP,07/01/2022 12:00:00,0.3,25.6,28.6,76.0,67.0,11.0,1.0
58243,487687,11/18/2022,sexta-feira,17:40:00,DF,251.0,32.0,BRASILIA,Reação tardia ou ineficiente do condutor,Queda de ocupante de veículo,Com Vítimas Feridas,Anoitecer,Crescente,Garoa/Chuvisco,Simples,Reta,Não,1,0,1,0,0,0,1,1,-15.940314,-47.740455,SPRF-DF,DEL01-DF,UOP01-DEL01-DF,18/11/2022 18:00:00,0.0,25.4,26.4,53.0,71.0,5.5,1.0
44396,466644,8/8/2022,segunda-feira,1:00:00,SP,116.0,133.0,CACAPAVA,Ingestão de álcool pelo condutor,Colisão traseira,Com Vítimas Feridas,Plena Noite,Crescente,Nublado,Dupla,Reta,Não,7,0,1,0,2,4,1,2,-23.1359564,-45.7532708,SPRF-SP,DEL02-SP,UOP02-DEL02-SP,08/08/2022 01:00:00,0.5,17.0,18.4,93.0,64.0,3.6,0.0
2971,420336,3/13/2022,domingo,13:05:00,SP,153.0,101.5,JOSE BONIFACIO,Ingestão de álcool ou de substâncias psicoativas pelo pedestre,Tombamento,Com Vítimas Feridas,Pleno dia,Decrescente,Nublado,Simples,Reta,Não,1,0,0,1,0,0,1,1,-21.01481034,-49.63820457,SPRF-SP,DEL09-SP,UOP01-DEL09-SP,13/03/2022 13:00:00,0.6,25.1,29.5,83.0,60.0,4.1,1.0
59409,489485,11/28/2022,segunda-feira,17:15:00,PB,427.0,37.0,POMBAL,Reação tardia ou ineficiente do condutor,Tombamento,Com Vítimas Feridas,Anoitecer,Crescente,Céu Claro,Simples,Reta,Sim,1,0,1,0,0,0,1,1,-6.76405124,-37.78910384,SPRF-PB,DEL03-PB,UOP02-DEL03-PB,28/11/2022 17:00:00,0.0,31.5,33.1,41.0,49.0,4.6,1.0
61202,492207,12/11/2022,domingo,16:20:00,BA,101.0,212.0,GOVERNADOR MANGABEIRA,Condutor deixou de manter distância do veículo da frente,Colisão traseira,Sem Vítimas,Pleno dia,Decrescente,Céu Claro,Simples,Reta,Não,6,0,0,0,6,0,0,2,-12.6093965,-39.0782565,SPRF-BA,DEL01-BA,UOP02-DEL01-BA,11/12/2022 16:00:00,0.0,29.5,32.0,56.0,37.0,8.4,1.0