,id,data_inversa,dia_semana,horario,uf,br,km,municipio,causa_acidente,tipo_acidente,classificacao_acidente,fase_dia,sentido_via,condicao_metereologica,tipo_pista,tracado_via,uso_solo,pessoas,mortos,feridos_leves,feridos_graves,ilesos,ignorados,feridos,veiculos,latitude,longitude,regional,delegacia,uop,rounded_datetime,rain,temperature_2m,apparent_temperature,relativehumidity_2m,cloudcover,windspeed_10m,is_day
45337,468112,8/14/2022,domingo,18:30:00,RJ,493.0,19.7,MAGE,Acessar a via sem observar a presença dos outros veículos,Colisão transversal,Sem Vítimas,Plena Noite,Crescente,Céu Claro,Simples,Reta,Não,2,0,0,0,2,0,0,2,-22.6663848,-43.02770248,SPRF-RJ,DEL02-RJ,UOP04-DEL02-RJ,14/08/2022 19:00:00,0.0,19.8,20.4,77.0,0.0,9.0,0.0
29721,444414,4/17/2022,domingo,22:00:00,MG,381.0,504.3,BETIM,Frear bruscamente,Colisão lateral mesmo sentido,Com Vítimas Feridas,Plena Noite,Decrescente,Céu Claro,Dupla,Reta,Sim,4,0,2,0,2,0,2,2,-20.04164508,-44.26386697,SPRF-MG,DEL01-MG,UOP03-DEL01-MG,17/04/2022 22:00:00,0.0,20.7,19.2,57.0,33.0,14.2,0.0
59564,489735,11/29/2022,terça-feira,17:40:00,RO,364.0,221.6,PIMENTA BUENO,Condutor deixou de manter distância do veículo da frente,Engavetamento,Com Vítimas Feridas,Anoitecer,Crescente,Céu Claro,Simples,Reta,Não,4,0,1,0,3,0,1,3,-11.52919208,-61.33069104,SPRF-RO,DEL02-RO,UOP02-DEL02-RO,29/11/2022 18:00:00,0.0,29.8,34.8,67.0,60.0,3.4,1.0
58564,488195,11/24/2022,quinta-feira,11:00:00,PE,116.0,23.1,SALGUEIRO,Condutor deixou de manter distância do veículo da frente,Colisão traseira,Com Vítimas Feridas,Pleno dia,Crescente,Céu Claro,Simples,Reta,Não,2,0,1,0,1,0,1,2,-8.043696,-39.138779,SPRF-PE,DEL05-PE,UOP01-DEL05-PE,24/11/2022 11:00:00,0.0,30.6,31.2,42.0,97.0,13.1,1.0
24871,419701,3/10/2022,quinta-feira,13:30:00,SC,101.0,203.5,SAO JOSE,Condutor deixou de manter distância do veículo da frente,Colisão traseira,Com Vítimas Feridas,Pleno dia,Crescente,Céu Claro,Dupla,Reta,Sim,2,0,1,0,1,0,1,2,-27.5650044,-48.61460082,SPRF-SC,DEL01-SC,UOP01-DEL01-SC,10/03/2022 14:00:00,0.0,29.7,33.4,64.0,92.0,11.4,1.0
38256,457271,6/22/2022,quarta-feira,7:30:00,SP,153.0,60.0,SAO JOSE DO RIO PRETO,Ausência de reação do condutor,Engavetamento,Com Vítimas Feridas,Pleno dia,Crescente,Céu Claro,Dupla,Reta,Sim,5,0,2,0,3,0,2,3,-20.79627979,-49.35480206,SPRF-SP,DEL09-SP,UOP01-DEL09-SP,22/06/2022 08:00:00,0.0,18.2,16.8,66.0,4.0,13.8,1.0
35729,453530,6/2/2022,quinta-feira,19:20:00,DF,70.0,1.6,BRASILIA,Condutor deixou de manter distância do veículo da frente,Engavetamento,Sem Vítimas,Plena Noite,Crescente,Ignorado,Dupla,Reta,Sim,3,0,0,0,3,0,0,3,-15.795264,-48.063801,SPRF-DF,DEL01-DF,UOP03-DEL01-DF,02/06/2022 19:00:00,0.0,22.8,21.2,39.0,28.0,7.4,0.0
18551,408688,1/14/2022,sexta-feira,23:00:00,PE,101.0,188.0,PALMARES,Velocidade Incompatível,Capotamento,Sem Vítimas,Plena Noite,Decrescente,Céu Claro,Dupla,Curva,Sim,1,0,0,0,0,1,0,1,-8.6909807,-35.5954771,SPRF-PE,DEL01-PE,UOP01-DEL01-PE,14/01/2022 23:00:00,0.1,22.8,27.1,95.0,58.0,4.2,0.0
19429,410491,1/22/2022,sábado,20:00:00,SC,101.0,162.1,TIJUCAS,Ausência de reação do condutor,Colisão traseira,Com Vítimas Feridas,Plena Noite,Crescente,Céu Claro,Múltipla,Reta,Sim,2,0,0,1,1,0,1,2,-27.22554009,-48.6279367,SPRF-SC,DEL04-SC,UOP03-DEL04-SC,22/01/2022 20:00:00,0.0,25.8,28.0,77.0,3.0,16.7,0.0
9269,464303,7/27/2022,quarta-feira,13:30:00,MT,364.0,200.0,RONDONOPOLIS,Manobra de mudança de faixa,Colisão lateral mesmo sentido,Sem Vítimas,Pleno dia,Crescente,Céu Claro,Dupla,Interseção de vias,Sim,2,0,0,0,2,0,0,2,-16.49612525,-54.63849716,SPRF-MT,DEL02-MT,UOP01-DEL02-MT,27/07/2022 14:00:00,0.0,32.7,32.2,23.0,0.0,9.7,1.0
47830,471978,9/3/2022,sábado,7:53:00,ES,101.0,208.5,IBIRACU,Manobra de mudança de faixa,Capotamento,Com Vítimas Feridas,Pleno dia,Crescente,Céu Claro,Dupla,Reta,Não,1,0,1,0,0,0,1,1,-19.780796,-40.37160598,SPRF-ES,DEL02-ES,UOP01-DEL02-ES,03/09/2022 08:00:00,0.0,21.7,22.4,70.0,3.0,9.2,1.0
28973,443363,4/13/2022,quarta-feira,7:13:00,PE,101.0,83.0,JABOATAO DOS GUARARAPES,Transitar no acostamento,Colisão transversal,Sem Vítimas,Pleno dia,Crescente,Céu Claro,Simples,Reta,Sim,2,0,0,0,2,0,0,2,-8.175172,-34.942642,SPRF-PE,DEL01-PE,UOP01-DEL01-PE,13/04/2022 07:00:00,0.0,25.2,30.2,87.0,68.0,2.5,1.0
6371,451993,5/25/2022,quarta-feira,20:20:00,PR,277.0,115.0,CAMPO LARGO,Demais falhas mecânicas ou elétricas,Incêndio,Com Vítimas Feridas,Plena Noite,Decrescente,Céu Claro,Dupla,Reta,Não,1,0,1,0,0,0,1,1,-25.44396066,-49.50470231,SPRF-PR,DEL03-PR,UOP03-DEL03-PR,25/05/2022 20:00:00,0.0,14.9,13.9,76.0,0.0,8.3,0.0
63418,495568,12/27/2022,terça-feira,8:00:00,RS,101.0,52.0,TERRA DE AREIA,Demais falhas mecânicas ou elétricas,Incêndio,Sem Vítimas,Pleno dia,Crescente,Céu Claro,Simples,Desvio Temporário,Não,6,0,0,0,6,0,0,1,-29.62555517,-50.09910649,SPRF-RS,DEL03-RS,UOP02-DEL03-RS,27/12/2022 08:00:00,0.0,19.8,21.0,79.0,77.0,5.4,1.0
44890,467436,8/12/2022,sexta-feira,2:30:00,PR,376.0,189.8,MARIALVA,Mal súbito do condutor,Queda de ocupante de veículo,Com Vítimas Feridas,Plena Noite,Crescente,Céu Claro,Dupla,Reta,Não,2,0,0,1,1,0,1,2,-23.46982044,-51.82235956,SPRF-PR,DEL09-PR,UOP01-DEL09-PR,12/08/2022 03:00:00,0.0,11.3,8.6,80.0,0.0,14.5,0.0
39214,458714,6/29/2022,quarta-feira,18:30:00,SC,101.0,345.1,TUBARAO,Ausência de reação do condutor,Capotamento,Com Vítimas Feridas,Plena Noite,Decrescente,Céu Claro,Dupla,Reta,Não,1,0,1,0,0,0,1,1,-28.54565997,-49.05345334,SPRF-SC,DEL02-SC,UOP01-DEL02-SC,29/06/2022 19:00:00,0.0,15.0,13.0,67.0,0.0,11.6,0.0
40555,460805,7/10/2022,domingo,2:20:00,SC,101.0,162.0,TIJUCAS,Velocidade Incompatível,Saída de leito carroçável,Com Vítimas Feridas,Plena Noite,Decrescente,Nublado,Simples,Curva,Sim,2,0,2,0,0,0,2,1,-27.22554009,-48.6279367,SPRF-SC,DEL04-SC,UOP03-DEL04-SC,10/07/2022 02:00:00,0.1,16.9,17.7,98.0,90.0,9.9,0.0
37597,456324,6/17/2022,sexta-feira,8:50:00,SC,101.0,210.0,SAO JOSE,Reação tardia ou ineficiente do condutor,Capotamento,Com Vítimas Feridas,Pleno dia,Crescente,Céu Claro,Múltipla,Reta,Sim,2,0,1,0,1,0,1,2,-27.6167305,-48.6457265,SPRF-SC,DEL01-SC,UOP01-DEL01-SC,17/06/2022 09:00:00,0.0,16.6,17.5,91.0,79.0,6.1,1.0
3506,422475,3/24/2022,quinta-feira,12:20:00,SC,470.0,184.9,POUSO REDONDO,Demais falhas mecânicas ou elétricas,Saída de leito carroçável,Com Vítimas Feridas,Pleno dia,Decrescente,Chuva,Simples,Curva,Não,2,0,1,1,0,0,2,1,-27.253036,-50.026642,SPRF-SC,DEL04-SC,UOP02-DEL04-SC,24/03/2022 12:00:00,0.1,23.8,27.1,86.0,88.0,7.8,1.0
60756,491551,12/8/2022,quinta-feira,16:10:00,PE,232.0,242.0,ARCOVERDE,Retorno proibido,Colisão transversal,Sem Vítimas,Pleno dia,Decrescente,Céu Claro,Simples,Reta,Não,4,0,0,0,3,1,0,2,-8.41469683,-36.96172896,SPRF-PE,DEL04-PE,UOP02-DEL04-PE,08/12/2022 16:00:00,0.0,29.5,28.5,33.0,50.0,10.0,1.0
43425,465187,7/31/2022,domingo,21:10:00,RJ,101.0,71.0,CAMPOS DOS GOYTACAZES,Reação tardia ou ineficiente do condutor,Colisão traseira,Com Vítimas Feridas,Plena Noite,Decrescente,Céu Claro,Simples,Reta,Não,3,0,2,0,1,0,2,2,-21.78577807,-41.38139396,SPRF-RJ,DEL08-RJ,UOP02-DEL08-RJ,31/07/2022 21:00:00,0.0,19.1,20.1,76.0,20.0,3.7,0.0
52356,479060,10/6/2022,quinta-feira,19:00:00,SC,158.0,143.0,PALMITOS,Velocidade Incompatível,Saída de leito carroçável,Com Vítimas Feridas,Plena Noite,Crescente,Nublado,Simples,Curva,Não,1,0,1,0,0,0,1,1,-27.13756409,-53.21425974,SPRF-SC,DEL07-SC,UOP02-DEL07-SC,06/10/2022 19:00:00,0.0,21.1,22.1,87.0,100.0,15.6,0.0
6832,453883,6/4/2022,sábado,14:00:00,RJ,101.0,210.0,CASIMIRO DE ABREU,Pista Escorregadia,Colisão com objeto,Com Vítimas Feridas,Pleno dia,Crescente,Chuva,Dupla,Curva,Não,2,0,1,0,1,0,1,1,-22.48164701,-42.23710101,SPRF-RJ,DEL08-RJ,UOP04-DEL08-RJ,04/06/2022 14:00:00,0.1,19.6,19.6,77.0,100.0,12.7,1.0
14141,485566,10/19/2022,quarta-feira,6:55:00,ES,101.0,267.1,SERRA,Ausência de reação do condutor,Colisão lateral mesmo sentido,Com Vítimas Feridas,Pleno dia,Crescente,Nublado,Múltipla,Reta,Sim,7,0,4,0,3,0,4,3,-20.19930999,-40.26884609,SPRF-ES,DEL02-ES,UOP01-DEL02-ES,19/10/2022 07:00:00,0.1,22.2,25.2,88.0,98.0,6.7,1.0
35833,453689,6/3/2022,sexta-feira,12:40:00,RS,285.0,569.0,SAO LUIZ GONZAGA,Acessar a via sem observar a presença dos outros veículos,Colisão transversal,Com Vítimas Feridas,Pleno dia,Crescente,Céu Claro,Simples,Interseção de vias,Sim,3,0,0,1,2,0,1,2,-28.413052,-54.985699,SPRF-RS,DEL12-RS,UOP01-DEL12-RS,03/06/2022 13:00:00,0.0,13.8,11.0,65.0,14.0,17.1,1.0
11324,473052,9/8/2022,quinta-feira,4:00:00,SC,101.0,374.9,ICARA,Problema com o freio,Incêndio,Sem Vítimas,Plena Noite,Decrescente,Nevoeiro/Neblina,Dupla,Reta,Sim,1,0,0,0,1,0,0,1,-28.73148911,-49.24351752,SPRF-SC,DEL02-SC,UOP01-DEL02-SC,08/09/2022 04:00:00,0.0,14.4,14.5,94.0,0.0,6.8,0.0
26544,422387,3/24/2022,quinta-feira,6:30:00,PR,376.0,174.7,MARINGA,Ausência de reação do condutor,Saída de leito carroçável,Sem Vítimas,Pleno dia,Crescente,Céu Claro,Múltipla,Reta,Sim,1,0,0,0,1,0,0,1,-23.41430102,-51.94984299,SPRF-PR,DEL09-PR,UOP01-DEL09-PR,24/03/2022 07:00:00,0.0,22.9,23.7,71.0,50.0,12.2,1.0
48304,472736,9/6/2022,terça-feira,11:30:00,SE,235.0,12.0,NOSSA SENHORA DO SOCORRO,Condutor deixou de manter distância do veículo da frente,Queda de ocupante de veículo,Com Vítimas Feridas,Pleno dia,Crescente,Sol,Simples,Reta,Não,2,0,1,0,0,1,1,2,-10.872643,-37.163246,SPRF-SE,DEL01-SE,UOP01-DEL01-SE,06/09/2022 12:00:00,0.2,24.7,26.5,78.0,73.0,20.3,1.0
31041,446394,4/27/2022,quarta-feira,20:00:00,BA,407.0,4.7,JUAZEIRO,Transitar no acostamento,Colisão lateral mesmo sentido,Com Vítimas Feridas,Plena Noite,Crescente,Céu Claro,Simples,Reta,Sim,2,0,1,0,1,0,1,2,-9.43957495,-40.49433089,SPRF-PE,DEL06-PE,UOP01-DEL06-PE,27/04/2022 20:00:00,0.0,27.0,27.2,55.0,30.0,16.1,0.0
27335,423629,3/30/2022,quarta-feira,21:10:00,MG,381.0,501.9,BETIM,Transitar na contramão,Colisão frontal,Com Vítimas Feridas,Plena Noite,Crescente,Céu Claro,Dupla,Não Informado,Não,3,0,1,0,2,0,1,2,-20.016606,-44.223128,SPRF-MG,DEL01-MG,UOP03-DEL01-MG,30/03/2022 21:00:00,0.0,23.9,25.5,66.0,12.0,5.8,0.0
13313,481735,10/20/2022,quinta-feira,10:20:00,RJ,116.0,307.0,RESENDE,Reação tardia ou ineficiente do condutor,Colisão traseira,Com Vítimas Feridas,Pleno dia,Crescente,Céu Claro,Dupla,Reta,Não,5,0,2,0,2,1,2,4,-22.45713262,-44.41063703,SPRF-RJ,DEL07-RJ,UOP02-DEL07-RJ,20/10/2022 10:00:00,0.0,26.1,29.7,65.0,8.0,7.2,1.0
38903,458204,6/26/2022,domingo,17:24:00,PE,428.0,144.9,PETROLINA,Demais falhas mecânicas ou elétricas,Saída de leito carroçável,Sem Vítimas,Anoitecer,Crescente,Céu Claro,Simples,Reta,Não,2,0,0,0,1,1,0,2,-9.02051253,-40.28198898,SPRF-PE,DEL06-PE,UOP01-DEL06-PE,26/06/2022 17:00:00,0.0,26.7,25.1,45.0,41.0,19.3,1.0
29451,444070,4/16/2022,sábado,12:15:00,PR,376.0,3.8,APUCARANA,Acessar a via sem observar a presença dos outros veículos,Colisão traseira,Com Vítimas Feridas,Pleno dia,Crescente,Céu Claro,Simples,Interseção de vias,Sim,2,0,1,0,1,0,1,2,-23.55661818,-51.44283235,SPRF-PR,DEL09-PR,UOP01-DEL09-PR,16/04/2022 12:00:00,0.0,19.4,20.3,57.0,0.0,7.6,1.0
1823,415113,2/15/2022,terça-feira,14:20:00,SC,116.0,8.0,MAFRA,Transitar na contramão,Colisão lateral sentido oposto,Com Vítimas Feridas,Pleno dia,Crescente,Céu Claro,Simples,Reta,Sim,2,0,1,0,0,1,1,2,-26.16013742,-49.84293222,SPRF-SC,DEL06-SC,UOP01-DEL06-SC,15/02/2022 14:00:00,0.0,25.9,28.6,53.0,29.0,2.5,1.0
7052,454835,6/9/2022,quinta-feira,6:45:00,MG,251.0,437.8,GRAO MOGOL,Transitar na contramão,Colisão frontal,Com Vítimas Feridas,Pleno dia,Crescente,Sol,Simples,Curva,Não,3,0,0,1,2,0,1,2,-16.39529722,-43.20402292,SPRF-MG,DEL12-MG,UOP01-DEL12-MG,09/06/2022 07:00:00,0.0,12.3,11.0,72.0,0.0,3.7,1.0
47051,470774,8/28/2022,domingo,6:20:00,PR,277.0,31.0,MORRETES,Condutor Dormindo,Capotamento,Com Vítimas Feridas,Pleno dia,Crescente,Céu Claro,Dupla,Reta,Não,5,0,5,0,0,0,5,1,-25.52874613,-48.73512603,SPRF-PR,DEL01-PR,UOP05-DEL01-PR,28/08/2022 06:00:00,0.0,16.7,17.2,87.0,30.0,6.7,0.0
2291,417394,2/26/2022,sábado,14:25:00,ES,101.0,349.3,GUARAPARI,Condutor Dormindo,Colisão transversal,Com Vítimas Feridas,Pleno dia,Crescente,Céu Claro,Simples,Curva,Não,3,0,2,0,1,0,2,2,-20.6527553,-40.64346758,SPRF-ES,DEL03-ES,UOP01-DEL03-ES,26/02/2022 14:00:00,0.2,27.4,32.6,76.0,28.0,13.9,1.0
3073,420757,3/15/2022,terça-feira,12:40:00,PR,476.0,148.7,CURITIBA,Trafegar com motocicleta (ou similar) entre as faixas,Colisão lateral mesmo sentido,Com Vítimas Feridas,Pleno dia,Crescente,Nublado,Dupla,Reta,Sim,2,0,1,0,1,0,1,2,-25.557121,-49.348732,SPRF-PR,DEL01-PR,UOP03-DEL01-PR,15/03/2022 13:00:00,0.6,20.7,21.6,82.0,100.0,12.9,1.0
52702,479562,10/9/2022,domingo,0:50:00,MG,40.0,523.9,CONTAGEM,Velocidade Incompatível,Saída de leito carroçável,Sem Vítimas,Plena Noite,Decrescente,Céu Claro,Dupla,Reta,Sim,1,0,0,0,0,1,0,1,-19.87682006,-44.05223608,SPRF-MG,DEL01-MG,UOP02-DEL01-MG,09/10/2022 01:00:00,0.0,20.8,22.4,86.0,30.0,10.5,0.0
56,405732,1/3/2022,segunda-feira,14:00:00,MT,163.0,829.0,SINOP,Manobra de mudança de faixa,Colisão lateral mesmo sentido,Com Vítimas Feridas,Pleno dia,Decrescente,Céu Claro,Dupla,Reta,Sim,2,0,1,0,1,0,1,2,-11.912765,-55.508891,SPRF-MT,DEL06-MT,UOP01-DEL06-MT,03/01/2022 14:00:00,1.7,25.7,29.6,81.0,77.0,10.7,1.0
20899,413034,2/5/2022,sábado,6:30:00,PR,277.0,594.4,CASCAVEL,Ingestão de álcool pelo condutor,Saída de leito carroçável,Sem Vítimas,Amanhecer,Crescente,Chuva,Dupla,Não Informado,Sim,1,0,0,0,0,1,0,1,-24.9794792,-53.49232599,SPRF-PR,DEL04-PR,UOP01-DEL04-PR,05/02/2022 07:00:00,3.2,19.6,21.6,98.0,100.0,10.0,1.0
9923,467049,8/9/2022,terça-feira,14:25:00,PI,230.0,228.9,OEIRAS,Reação tardia ou ineficiente do condutor,Colisão lateral mesmo sentido,Com Vítimas Fatais,Pleno dia,Crescente,Céu Claro,Simples,Reta,Não,3,1,0,0,2,0,0,2,-6.99694888,-42.34867098,SPRF-PI,DEL03-PI,UOP01-DEL03-PI,09/08/2022 14:00:00,0.0,33.6,34.0,24.0,0.0,9.3,1.0
46312,469633,8/22/2022,segunda-feira,9:20:00,GO,153.0,497.1,GOIANIA,Pedestre cruzava a pista fora da faixa,Atropelamento de Pedestre,Com Vítimas Feridas,Pleno dia,Decrescente,Sol,Dupla,Reta,Sim,2,0,1,1,0,0,2,1,-16.6854,-49.2338,SPRF-GO,DEL01-GO,UOP01-DEL01-GO,22/08/2022 09:00:00,0.0,20.9,17.5,41.0,0.0,17.8,1.0
32079,448029,5/6/2022,sexta-feira,7:00:00,RO,364.0,426.0,JARU,Desrespeitar a preferência no cruzamento,Colisão transversal,Com Vítimas Feridas,Pleno dia,Crescente,Sol,Simples,Interseção de vias,Sim,2,0,1,0,1,0,1,2,-10.432443,-62.479584,SPRF-RO,DEL03-RO,UOP02-DEL03-RO,06/05/2022 07:00:00,0.0,22.2,24.4,83.0,17.0,8.6,0.0
15321,490453,11/21/2022,segunda-feira,20:30:00,PE,232.0,15.5,JABOATAO DOS GUARARAPES,Condutor Dormindo,Saída de leito carroçável,Com Vítimas Feridas,Plena Noite,Decrescente,Céu Claro,Múltipla,Curva,Não,1,0,1,0,0,0,1,1,-8.09137732,-35.02917918,SPRF-PE,DEL01-PE,UOP01-DEL01-PE,21/11/2022 21:00:00,0.0,25.1,28.0,75.0,37.0,8.0,0.0
40153,460178,7/7/2022,quinta-feira,10:00:00,SE,101.0,150.0,ESTANCIA,Acessar a via sem observar a presença dos outros veículos,Colisão traseira,Com Vítimas Feridas,Pleno dia,Decrescente,Sol,Simples,Reta,Sim,2,0,1,0,1,0,1,2,-11.25101095,-37.4365661,SPRF-SE,DEL02-SE,UOP01-DEL02-SE,07/07/2022 10:00:00,0.0,25.5,26.2,68.0,34.0,19.1,1.0
28930,443304,4/13/2022,quarta-feira,4:37:00,MG,381.0,492.2,BETIM,Reação tardia ou ineficiente do condutor,Colisão com objeto,Com Vítimas Feridas,Plena Noite,Decrescente,Céu Claro,Dupla,Reta,Não,1,0,1,0,0,0,1,1,-19.960234,-44.153174,SPRF-MG,DEL01-MG,UOP03-DEL01-MG,13/04/2022 05:00:00,0.1,20.8,23.1,82.0,47.0,3.6,0.0
64474,510265,7/16/2022,sábado,20:49:00,TO,153.0,287.0,BRASILANDIA DO TOCANTINS,Deficiência do Sistema de Iluminação/Sinalização,Tombamento,Com Vítimas Feridas,Plena Noite,Decrescente,Céu Claro,Simples,Não Informado,Não,24,0,21,1,2,0,22,1,-8.41697697,-48.48102566,SPRF-TO,DEL02-TO,UOP02-DEL02-TO,16/07/2022 21:00:00,0.0,28.7,29.2,38.0,15.0,3.4,0.0
32223,448253,5/7/2022,sábado,8:00:00,PR,476.0,137.0,CURITIBA,Condutor desrespeitou a iluminação vermelha do semáforo,Colisão transversal,Com Vítimas Feridas,Pleno dia,Decrescente,Céu Claro,Múltipla,Reta,Sim,2,0,1,0,1,0,1,2,-25.49755536,-49.27699685,SPRF-PR,DEL01-PR,UOP03-DEL01-PR,07/05/2022 08:00:00,0.0,12.3,10.9,88.0,63.0,9.9,1.0
54793,482545,10/23/2022,domingo,19:20:00,PE,424.0,120.8,CORRENTES,Animais na Pista,Atropelamento de Animal,Com Vítimas Feridas,Plena Noite,Decrescente,Céu Claro,Simples,Reta,Não,4,0,2,1,1,0,3,1,-9.04729114,-36.39446497,SPRF-PE,DEL03-PE,UOP01-DEL03-PE,23/10/2022 19:00:00,0.0,23.6,24.1,72.0,30.0,17.6,0.0
27711,424275,4/3/2022,domingo,2:20:00,PR,369.0,186.0,ARAPONGAS,Reação tardia ou ineficiente do condutor,Colisão com objeto,Com Vítimas Feridas,Plena Noite,Crescente,Céu Claro,Simples,Reta,Sim,2,0,1,0,0,1,1,1,-23.4255351,-51.4234952,SPRF-PR,DEL07-PR,UOP02-DEL07-PR,03/04/2022 02:00:00,0.0,17.3,16.6,84.0,23.0,15.1,0.0
23232,417189,2/25/2022,sexta-feira,19:15:00,PE,101.0,60.4,RECIFE,Reação tardia ou ineficiente do condutor,Tombamento,Com Vítimas Feridas,Plena Noite,Decrescente,Céu Claro,Dupla,Reta,Sim,1,0,1,0,0,0,1,1,-7.98344307,-34.93176727,SPRF-PE,DEL01-PE,UOP02-DEL01-PE,25/02/2022 19:00:00,0.0,27.2,30.0,71.0,11.0,13.0,0.0
10603,469970,8/24/2022,quarta-feira,6:50:00,RO,364.0,160.0,PIMENTA BUENO,Manobra de mudança de faixa,Colisão lateral sentido oposto,Com Vítimas Feridas,Amanhecer,Crescente,Céu Claro,Simples,Curva,Não,2,0,1,1,0,0,2,2,-11.96352798,-60.95724979,SPRF-RO,DEL02-RO,UOP02-DEL02-RO,24/08/2022 07:00:00,0.0,19.9,19.3,57.0,0.0,6.6,0.0
21477,414002,2/10/2022,quinta-feira,9:30:00,PR,277.0,68.0,SAO JOSE DOS PINHAIS,Manobra de mudança de faixa,Queda de ocupante de veículo,Com Vítimas Feridas,Pleno dia,Decrescente,Céu Claro,Dupla,Reta,Sim,2,0,1,0,0,1,1,2,-25.54112281,-49.06183391,SPRF-PR,DEL01-PR,UOP01-DEL01-PR,10/02/2022 10:00:00,0.0,20.3,20.9,75.0,64.0,10.4,1.0
28004,424732,2/13/2022,domingo,21:15:00,PE,232.0,202.4,PESQUEIRA,Retorno proibido,Colisão transversal,Com Vítimas Feridas,Plena Noite,Crescente,Céu Claro,Simples,Reta,Não,2,0,1,0,1,0,1,2,-8.37139106,-36.62566,SPRF-PE,DEL03-PE,UOP02-DEL03-PE,13/02/2022 21:00:00,0.0,24.4,24.9,66.0,42.0,14.9,0.0
52197,478814,10/5/2022,quarta-feira,18:10:00,SC,280.0,7.0,SAO FRANCISCO DO SUL,Desrespeitar a preferência no cruzamento,Colisão transversal,Com Vítimas Feridas,Plena Noite,Crescente,Garoa/Chuvisco,Simples,Rotatória,Não,2,0,1,0,1,0,1,2,-26.27127101,-48.64129599,SPRF-SC,DEL03-SC,UOP03-DEL03-SC,05/10/2022 18:00:00,0.1,19.6,20.6,82.0,100.0,9.0,1.0
14086,485365,11/7/2022,segunda-feira,8:30:00,PR,280.0,263.0,MARMELEIRO,Ingestão de álcool pelo condutor,Colisão frontal,Sem Vítimas,Plena Noite,Crescente,Céu Claro,Simples,Reta,Não,2,0,0,0,0,2,0,2,-26.1926079,-53.08348112,SPRF-PR,DEL02-PR,UOP01-DEL02-PR,07/11/2022 09:00:00,0.0,16.7,16.2,68.0,0.0,7.9,1.0
15021,489252,11/27/2022,domingo,21:15:00,SC,470.0,139.9,RIO DO SUL,Acessar a via sem observar a presença dos outros veículos,Colisão traseira,Sem Vítimas,Plena Noite,Crescente,Chuva,Dupla,Reta,Sim,2,0,0,0,2,0,0,2,-27.201712,-49.633815,SPRF-SC,DEL04-SC,UOP02-DEL04-SC,27/11/2022 21:00:00,0.1,18.1,18.8,95.0,100.0,12.4,0.0
55868,484073,10/31/2022,segunda-feira,7:15:00,SP,116.0,86.7,PINDAMONHANGABA,Demais falhas mecânicas ou elétricas,Incêndio,Sem Vítimas,Pleno dia,Crescente,Céu Claro,Dupla,Reta,Não,1,0,0,0,1,0,0,1,-22.92639476,-45.35307511,SPRF-SP,DEL08-SP,UOP01-DEL08-SP,31/10/2022 07:00:00,0.0,23.4,26.5,83.0,13.0,6.5,1.0
53416,480619,10/14/2022,sexta-feira,13:00:00,RS,285.0,316.2,PASSO FUNDO,Velocidade Incompatível,Saída de leito carroçável,Com Vítimas Feridas,Pleno dia,Decrescente,Céu Claro,Simples,Reta,Não,1,0,1,0,0,0,1,1,-28.253775,-52.589588,SPRF-RS,DEL08-RS,UOP03-DEL08-RS,14/10/2022 13:00:00,0.0,17.8,15.1,72.0,100.0,27.1,1.0
19530,410652,1/23/2022,domingo,15:15:00,MG,381.0,882.1,ESTIVA,Avarias e/ou desgaste excessivo no pneu,Queda de ocupante de veículo,Com Vítimas Feridas,Pleno dia,Decrescente,Céu Claro,Dupla,Reta,Não,2,0,2,0,0,0,2,1,-22.52371907,-46.0241579,SPRF-MG,DEL16-MG,UOP03-DEL16-MG,23/01/2022 15:00:00,0.0,28.5,32.0,53.0,26.0,2.5,1.0
61210,492219,12/11/2022,domingo,18:10:00,RJ,101.0,428.0,MANGARATIBA,Ultrapassagem Indevida,Colisão transversal,Com Vítimas Feridas,Pleno dia,Decrescente,Céu Claro,Dupla,Interseção de vias,Não,8,0,1,0,7,0,1,2,-22.93560737,-43.99878379,SPRF-RJ,DEL03-RJ,UOP01-DEL03-RJ,11/12/2022 18:00:00,0.0,26.6,31.5,85.0,18.0,7.9,1.0
53432,480639,10/14/2022,sexta-feira,18:50:00,MG,381.0,485.5,BETIM,Ausência de reação do condutor,Colisão traseira,Com Vítimas Feridas,Plena Noite,Decrescente,Nublado,Dupla,Não Informado,Sim,2,0,1,0,1,0,1,2,-19.95604153,-44.10229867,SPRF-MG,DEL01-MG,UOP03-DEL01-MG,14/10/2022 19:00:00,0.0,24.7,24.3,45.0,4.0,7.1,0.0