,id,data_inversa,dia_semana,horario,uf,br,km,municipio,causa_acidente,tipo_acidente,classificacao_acidente,fase_dia,sentido_via,condicao_metereologica,tipo_pista,tracado_via,uso_solo,pessoas,mortos,feridos_leves,feridos_graves,ilesos,ignorados,feridos,veiculos,latitude,longitude,regional,delegacia,uop,rounded_datetime,rain,temperature_2m,apparent_temperature,relativehumidity_2m,cloudcover,windspeed_10m,is_day
3948,424300,4/2/2022,sábado,21:35:00,BA,101.0,473.0,URUCUCA,Transitar na contramão,Colisão lateral sentido oposto,Com Vítimas Feridas,Plena Noite,Decrescente,Céu Claro,Simples,Curva,Não,2,0,1,0,1,0,1,2,-14.562908,-39.332839,SPRF-BA,DEL05-BA,UOP01-DEL05-BA,02/04/2022 22:00:00,0.3,23.1,27.3,94.0,35.0,5.3,0.0
36018,453961,6/4/2022,sábado,20:45:00,ES,101.0,99.8,JAGUARE,Ausência de reação do condutor,Colisão lateral sentido oposto,Com Vítimas Feridas,Plena Noite,Decrescente,Nublado,Simples,Reta,Sim,2,0,0,2,0,0,2,1,-18.97188909,-39.99152282,SPRF-ES,DEL04-ES,UOP02-DEL04-ES,04/06/2022 21:00:00,0.0,20.2,20.5,81.0,33.0,14.8,0.0
44670,467075,8/10/2022,quarta-feira,7:50:00,RJ,116.0,45.0,TERESOPOLIS,Acumulo de água sobre o pavimento,Saída de leito carroçável,Com Vítimas Feridas,Pleno dia,Crescente,Chuva,Simples,Reta,Não,2,0,1,0,1,0,1,1,-22.16311405,-42.81414095,SPRF-RJ,DEL04-RJ,UOP01-DEL04-RJ,10/08/2022 08:00:00,0.4,17.2,18.2,92.0,100.0,7.1,1.0
51497,477737,9/30/2022,sexta-feira,9:05:00,PA,10.0,335.0,SAO MIGUEL DO GUAMA,Manobra de mudança de faixa,Saída de leito carroçável,Com Vítimas Feridas,Pleno dia,Decrescente,Céu Claro,Simples,Reta,Não,3,0,1,0,1,1,1,1,-1.51091907,-47.52235828,SPRF-PA,DEL01-PA,UOP02-DEL01-PA,30/09/2022 09:00:00,0.0,28.9,31.5,66.0,74.0,15.0,1.0
10783,470741,8/27/2022,sábado,22:50:00,RS,290.0,182.6,MINAS DO LEAO,Desrespeitar a preferência no cruzamento,Colisão transversal,Com Vítimas Feridas,Plena Noite,Decrescente,Chuva,Simples,Interseção de vias,Sim,2,0,1,0,1,0,1,2,-30.14393961,-52.04532623,SPRF-RS,DEL02-RS,UOP03-DEL02-RS,27/08/2022 23:00:00,3.5,18.2,18.8,92.0,49.0,12.7,0.0
62561,494333,12/15/2022,quinta-feira,21:30:00,PR,376.0,186.5,ARAPONGAS,Ausência de reação do condutor,Colisão transversal,Com Vítimas Feridas,Plena Noite,Decrescente,Céu Claro,Simples,Interseção de vias,Sim,2,0,0,2,0,0,2,2,-23.42011099,-51.42529607,SPRF-PR,DEL09-PR,UOP01-DEL09-PR,15/12/2022 22:00:00,0.0,20.3,21.2,73.0,14.0,6.5,0.0
35368,452966,5/30/2022,segunda-feira,13:30:00,RO,364.0,456.0,ARIQUEMES,Pista em desnível,Tombamento,Com Vítimas Feridas,Pleno dia,Decrescente,Nublado,Simples,Não Informado,Não,1,0,1,0,0,0,1,1,-10.26727425,-62.69772512,SPRF-RO,DEL03-RO,UOP02-DEL03-RO,30/05/2022 14:00:00,0.0,31.5,34.8,52.0,49.0,7.0,1.0
48578,473142,9/8/2022,quinta-feira,14:30:00,RS,392.0,24.0,RIO GRANDE,Velocidade Incompatível,Capotamento,Sem Vítimas,Pleno dia,Crescente,Céu Claro,Dupla,Reta,Sim,2,0,0,0,0,2,0,1,-32.0858159,-52.23789595,SPRF-RS,DEL07-RS,UOP02-DEL07-RS,08/09/2022 15:00:00,0.0,18.6,17.5,82.0,33.0,21.9,1.0
49286,474212,9/13/2022,terça-feira,18:15:00,MG,381.0,453.0,SABARA,Transitar no acostamento,Atropelamento de Pedestre,Com Vítimas Feridas,Plena Noite,Crescente,Céu Claro,Simples,Curva,Sim,2,0,2,0,0,0,2,1,-19.85197588,-43.88851019,SPRF-MG,DEL01-MG,UOP01-DEL01-MG,13/09/2022 18:00:00,0.0,28.8,27.7,31.0,8.0,7.6,0.0
2581,418745,3/5/2022,sábado,10:15:00,GO,20.0,5.0,FORMOSA,Mal súbito do condutor,Colisão traseira,Com Vítimas Feridas,Pleno dia,Decrescente,Céu Claro,Simples,Não Informado,Sim,3,0,1,0,2,0,1,3,-15.555275,-47.306908,SPRF-DF,DEL02-DF,UOP01-DEL02-DF,05/03/2022 10:00:00,0.0,24.5,27.1,71.0,27.0,10.8,1.0
57307,486304,11/12/2022,sábado,14:00:00,RS,386.0,346.9,LAJEADO,Reação tardia ou ineficiente do condutor,Colisão traseira,Com Vítimas Feridas,Pleno dia,Crescente,Nublado,Dupla,Reta,Não,3,0,3,0,0,0,3,2,-29.45129214,-51.96724713,SPRF-RS,DEL04-RS,UOP01-DEL04-RS,12/11/2022 14:00:00,0.0,27.5,32.1,65.0,51.0,7.3,1.0
45164,467886,8/13/2022,sábado,19:10:00,RN,110.0,11.2,AREIA BRANCA,Acessar a via sem observar a presença dos outros veículos,Colisão transversal,Sem Vítimas,Plena Noite,Decrescente,Céu Claro,Simples,Interseção de vias,Não,3,0,0,0,2,1,0,3,-4.998083,-37.092747,SPRF-RN,DEL04-RN,UOP01-DEL04-RN,13/08/2022 19:00:00,0.0,28.4,28.3,56.0,12.0,23.4,0.0
58576,488220,11/25/2022,sexta-feira,7:15:00,PB,230.0,157.7,CAMPINA GRANDE,Acessar a via sem observar a presença dos outros veículos,Colisão transversal,Com Vítimas Feridas,Pleno dia,Crescente,Céu Claro,Simples,Reta,Sim,2,0,2,0,0,0,2,2,-7.264,-35.9199,SPRF-PB,DEL02-PB,UOP01-DEL02-PB,25/11/2022 07:00:00,0.0,23.1,23.7,77.0,46.0,18.7,1.0
31816,447616,5/3/2022,terça-feira,19:30:00,SP,116.0,148.0,SAO JOSE DOS CAMPOS,Demais falhas mecânicas ou elétricas,Colisão traseira,Sem Vítimas,Plena Noite,Decrescente,Céu Claro,Dupla,Reta,Sim,2,0,0,0,2,0,0,2,-23.20067421,-45.8795018,SPRF-SP,DEL02-SP,UOP01-DEL02-SP,03/05/2022 20:00:00,0.0,21.6,23.3,78.0,27.0,6.9,0.0
31950,447832,5/5/2022,quinta-feira,6:00:00,PE,232.0,134.0,CARUARU,Ingestão de álcool pelo condutor,Colisão com objeto,Com Vítimas Feridas,Amanhecer,Decrescente,Céu Claro,Dupla,Reta,Sim,2,0,0,2,0,0,2,1,-8.30853497,-36.02442101,SPRF-PE,DEL02-PE,UOP01-DEL02-PE,05/05/2022 06:00:00,0.1,21.9,24.7,96.0,70.0,11.0,1.0
26005,421535,3/19/2022,sábado,16:30:00,GO,40.0,10.0,LUZIANIA,Ingestão de álcool e/ou substâncias psicoativas pelo pedestre,Atropelamento de Pedestre,Com Vítimas Feridas,Pleno dia,Crescente,Céu Claro,Dupla,Reta,Sim,2,0,1,0,1,0,1,1,-16.131285,-47.957923,SPRF-DF,DEL01-DF,UOP01-DEL01-DF,19/03/2022 17:00:00,0.0,27.7,28.1,46.0,7.0,9.2,1.0
31077,446448,2/12/2022,sábado,23:00:00,SP,116.0,211.0,GUARULHOS,Entrada inopinada do pedestre,Atropelamento de Pedestre,Com Vítimas Feridas,Plena Noite,Decrescente,Céu Claro,Múltipla,Reta,Sim,2,0,0,1,1,0,1,1,-23.4324306,-46.4194352,SPRF-SP,DEL01-SP,UOP01-DEL01-SP,12/02/2022 23:00:00,0.0,18.3,19.8,97.0,99.0,9.0,0.0
35610,453340,6/1/2022,quarta-feira,18:15:00,RJ,40.0,84.0,PETROPOLIS,Falta de acostamento,Queda de ocupante de veículo,Com Vítimas Feridas,Plena Noite,Decrescente,Céu Claro,Simples,Reta,Não,1,0,1,0,0,0,1,1,-22.52145512,-43.23707996,SPRF-RJ,DEL06-RJ,UOP02-DEL06-RJ,01/06/2022 18:00:00,0.0,21.8,23.8,79.0,39.0,6.0,0.0
12787,479339,10/7/2022,sexta-feira,19:30:00,RJ,356.0,93.0,CARDOSO MOREIRA,Ingestão de álcool pelo condutor,Queda de ocupante de veículo,Com Vítimas Fatais,Plena Noite,Decrescente,Chuva,Simples,Reta,Não,3,1,0,0,2,0,0,3,-21.5112422,-41.58454079,SPRF-RJ,DEL08-RJ,UOP03-DEL08-RJ,07/10/2022 20:00:00,0.0,25.9,31.5,88.0,35.0,1.9,0.0
36424,454550,5/14/2022,sábado,19:15:00,SC,116.0,244.2,LAGES,Transitar na contramão,Colisão lateral sentido oposto,Com Vítimas Fatais,Plena Noite,Decrescente,Céu Claro,Simples,Não Informado,Não,2,1,1,0,0,0,1,2,-27.78925388,-50.35413817,SPRF-SC,DEL05-SC,UOP01-DEL05-SC,14/05/2022 19:00:00,0.0,13.9,14.0,85.0,100.0,2.0,0.0
61195,492198,12/11/2022,domingo,15:40:00,PI,343.0,481.5,ANGICAL DO PIAUI,Transitar na contramão,Colisão frontal,Com Vítimas Feridas,Pleno dia,Decrescente,Céu Claro,Simples,Não Informado,Não,5,0,1,1,2,1,2,2,-6.16351027,-42.70935059,SPRF-PI,DEL01-PI,UOP02-DEL01-PI,11/12/2022 16:00:00,0.0,32.4,35.2,48.0,44.0,6.8,1.0
60322,490863,12/5/2022,segunda-feira,7:20:00,SC,101.0,212.5,PALHOCA,Trafegar com motocicleta (ou similar) entre as faixas,Queda de ocupante de veículo,Com Vítimas Feridas,Pleno dia,Decrescente,Chuva,Dupla,Reta,Sim,1,0,0,1,0,0,1,1,-27.62996929,-48.65903871,SPRF-SC,DEL01-SC,UOP02-DEL01-SC,05/12/2022 07:00:00,1.3,23.3,28.0,96.0,82.0,3.1,1.0
32326,448409,5/7/2022,sábado,23:00:00,RJ,101.0,254.0,MACAE,Acessar a via sem observar a presença dos outros veículos,Colisão traseira,Com Vítimas Feridas,Plena Noite,Crescente,Chuva,Dupla,Reta,Não,3,0,3,0,0,0,3,2,-22.24915138,-41.81529996,SPRF-RJ,DEL02-RJ,UOP03-DEL02-RJ,07/05/2022 23:00:00,0.0,20.4,21.4,88.0,30.0,13.7,0.0
14001,484940,11/5/2022,sábado,6:10:00,MG,262.0,445.0,NOVA SERRANA,Acessar a via sem observar a presença dos outros veículos,Colisão lateral mesmo sentido,Com Vítimas Feridas,Pleno dia,Decrescente,Céu Claro,Dupla,Reta,Sim,3,0,2,0,1,0,2,2,-19.87799664,-44.94086286,SPRF-MG,DEL08-MG,UOP03-DEL08-MG,05/11/2022 06:00:00,0.0,14.2,13.1,85.0,59.0,10.7,1.0
61168,492160,12/11/2022,domingo,10:30:00,MG,251.0,504.0,FRANCISCO SA,Demais falhas mecânicas ou elétricas,Incêndio,Sem Vítimas,Pleno dia,Crescente,Céu Claro,Simples,Reta,Não,3,0,0,0,3,0,0,1,-16.61695707,-43.67246999,SPRF-MG,DEL12-MG,UOP01-DEL12-MG,11/12/2022 11:00:00,0.0,27.8,31.8,59.0,46.0,9.4,1.0
11439,473500,9/10/2022,sábado,12:18:00,AL,101.0,176.0,TEOTONIO VILELA,Entrada inopinada do pedestre,Atropelamento de Pedestre,Com Vítimas Fatais,Pleno dia,Decrescente,Nublado,Dupla,Reta,Sim,2,1,0,0,0,1,0,1,-9.89398192,-36.37454896,SPRF-AL,DEL02-AL,UOP02-DEL02-AL,10/09/2022 12:00:00,0.3,23.4,26.1,84.0,100.0,10.0,1.0
4016,424634,2/22/2022,terça-feira,17:40:00,AL,101.0,58.2,FLEXEIRAS,Carga excessiva e/ou mal acondicionada,Tombamento,Com Vítimas Feridas,Anoitecer,Decrescente,Céu Claro,Dupla,Curva,Não,1,0,1,0,0,0,1,1,-9.28118542,-35.80114257,SPRF-AL,DEL01-AL,UOP02-DEL01-AL,22/02/2022 18:00:00,0.0,27.1,29.5,68.0,11.0,12.7,0.0
54651,482362,10/23/2022,domingo,2:40:00,CE,222.0,166.2,IRAUCUBA,Condutor Dormindo,Capotamento,Com Vítimas Feridas,Plena Noite,Crescente,Céu Claro,Simples,Reta,Não,1,0,1,0,0,0,1,1,-3.74203095,-39.92430202,SPRF-CE,DEL04-CE,UOP03-DEL04-CE,23/10/2022 03:00:00,0.0,25.0,28.3,82.0,57.0,10.1,0.0
17533,406025,1/5/2022,quarta-feira,8:10:00,SE,101.0,76.0,MARUIM,Acumulo de água sobre o pavimento,Colisão com objeto,Sem Vítimas,Pleno dia,Crescente,Chuva,Dupla,Reta,Não,1,0,0,0,1,0,0,1,-10.77357687,-37.12583705,SPRF-SE,DEL01-SE,UOP01-DEL01-SE,05/01/2022 08:00:00,0.1,26.1,29.3,79.0,74.0,12.4,1.0
26574,422440,3/24/2022,quinta-feira,12:00:00,SC,101.0,203.0,SAO JOSE,Manobra de mudança de faixa,Colisão traseira,Com Vítimas Feridas,Pleno dia,Decrescente,Chuva,Dupla,Reta,Sim,2,0,1,0,1,0,1,2,-27.5650044,-48.61460082,SPRF-SC,DEL01-SC,UOP01-DEL01-SC,24/03/2022 12:00:00,0.0,25.6,29.5,79.0,100.0,6.6,1.0
33635,450335,5/16/2022,segunda-feira,19:15:00,RJ,493.0,98.0,SEROPEDICA,Velocidade Incompatível,Saída de leito carroçável,Com Vítimas Feridas,Plena Noite,Crescente,Chuva,Dupla,Reta,Não,1,0,1,0,0,0,1,1,-22.71645885,-43.70661736,SPRF-RJ,DEL01-RJ,UOP04-DEL01-RJ,16/05/2022 19:00:00,0.1,20.6,22.4,90.0,87.0,10.7,0.0
5451,447996,5/6/2022,sexta-feira,2:30:00,CE,222.0,78.6,SAO LUIS DO CURU,Ingestão de álcool pelo condutor,Colisão frontal,Com Vítimas Fatais,Plena Noite,Crescente,Chuva,Simples,Reta,Não,5,1,2,1,1,0,3,2,-3.67424754,-39.24199692,SPRF-CE,DEL04-CE,UOP03-DEL04-CE,06/05/2022 03:00:00,0.0,24.2,28.8,93.0,75.0,6.6,0.0
40328,460483,7/8/2022,sexta-feira,18:20:00,MG,381.0,486.0,BETIM,Ausência de reação do condutor,Engavetamento,Sem Vítimas,Plena Noite,Crescente,Nublado,Dupla,Não Informado,Sim,3,0,0,0,3,0,0,3,-19.95707016,-44.11929315,SPRF-MG,DEL01-MG,UOP03-DEL01-MG,08/07/2022 18:00:00,0.0,20.4,18.8,46.0,5.0,8.2,0.0
64281,500885,12/27/2022,terça-feira,17:00:00,SC,470.0,55.4,BLUMENAU,Retorno proibido,Colisão lateral mesmo sentido,Com Vítimas Feridas,Pleno dia,Crescente,Nublado,Simples,Reta,Sim,3,0,2,0,1,0,2,2,-26.87641614,-49.12229776,SPRF-SC,DEL04-SC,UOP01-DEL04-SC,27/12/2022 17:00:00,0.0,24.0,25.7,86.0,94.0,20.0,1.0
21676,414386,2/12/2022,sábado,2:55:00,PR,277.0,117.0,CAMPO LARGO,Ingestão de álcool pelo condutor,Colisão transversal,Com Vítimas Feridas,Plena Noite,Crescente,Céu Claro,Dupla,Reta,Sim,3,0,0,2,1,0,2,2,-25.446418,-49.487559,SPRF-PR,DEL01-PR,UOP03-DEL03-PR,12/02/2022 03:00:00,0.0,16.2,17.3,95.0,30.0,4.7,0.0
50209,475562,9/19/2022,segunda-feira,23:20:00,MG,381.0,577.4,CARMOPOLIS DE MINAS,Ingestão de substâncias psicoativas pelo condutor,Queda de ocupante de veículo,Com Vítimas Feridas,Plena Noite,Crescente,Nublado,Dupla,Reta,Não,1,0,1,0,0,0,1,1,-20.48737278,-44.59529111,SPRF-MG,DEL04-MG,UOP01-DEL04-MG,19/09/2022 23:00:00,0.0,18.4,18.2,75.0,14.0,9.9,0.0
41904,462921,7/21/2022,quinta-feira,5:00:00,PR,116.0,17.0,COLOMBO,Ausência de reação do condutor,Colisão traseira,Com Vítimas Feridas,Plena Noite,Decrescente,Nublado,Dupla,Reta,Sim,2,0,0,1,1,0,1,2,-25.389,-49.1867,SPRF-PR,DEL01-PR,UOP02-DEL01-PR,21/07/2022 05:00:00,0.0,13.4,13.3,98.0,82.0,7.4,0.0
20525,412386,2/1/2022,terça-feira,20:03:00,SC,101.0,308.7,LAGUNA,Ingestão de álcool pelo condutor,Colisão traseira,Com Vítimas Feridas,Anoitecer,Decrescente,Céu Claro,Múltipla,Reta,Não,4,0,2,0,2,0,2,2,-28.42137904,-48.79785961,SPRF-SC,DEL02-SC,UOP01-DEL02-SC,01/02/2022 20:00:00,0.2,24.0,26.6,81.0,91.0,10.2,0.0
4652,444622,4/18/2022,segunda-feira,19:28:00,BA,116.0,451.0,ANTONIO CARDOSO,Pedestre andava na pista,Atropelamento de Pedestre,Com Vítimas Feridas,Plena Noite,Decrescente,Nublado,Dupla,Desvio Temporário,Não,2,0,1,0,1,0,1,1,-12.385248,-39.135998,SPRF-BA,DEL02-BA,UOP01-DEL02-BA,18/04/2022 19:00:00,0.1,21.9,24.8,96.0,74.0,10.9,0.0
34677,451964,5/25/2022,quarta-feira,15:00:00,PR,163.0,35.2,SANTO ANTONIO DO SUDOESTE,Acessar a via sem observar a presença dos outros veículos,Colisão transversal,Com Vítimas Feridas,Pleno dia,Crescente,Céu Claro,Simples,Não Informado,Sim,3,0,1,0,1,1,1,2,-26.10526814,-53.70309816,SPRF-PR,DEL02-PR,UOP02-DEL02-PR,25/05/2022 15:00:00,0.0,23.4,23.2,59.0,8.0,12.9,1.0
64276,500654,12/31/2022,sábado,8:15:00,MG,262.0,405.0,PARA DE MINAS,Deficiência do Sistema de Iluminação/Sinalização,Incêndio,Sem Vítimas,Pleno dia,Crescente,Nublado,Dupla,Curva,Não,1,0,0,0,1,0,0,1,-19.88598963,-44.61809456,SPRF-MG,DEL01-MG,UOP03-DEL01-MG,31/12/2022 08:00:00,0.7,19.9,21.6,90.0,92.0,8.9,1.0
15083,489520,11/28/2022,segunda-feira,22:00:00,BA,116.0,524.0,ITATIM,Ausência de reação do condutor,Tombamento,Com Vítimas Feridas,Plena Noite,Decrescente,Nublado,Simples,Curva,Não,1,0,1,0,0,0,1,1,-12.70024334,-39.71218183,SPRF-BA,DEL03-BA,UOP02-DEL03-BA,28/11/2022 22:00:00,0.5,22.6,27.1,97.0,95.0,3.9,0.0
19698,410949,1/24/2022,segunda-feira,20:45:00,DF,60.0,2.5,BRASILIA,Acessar a via sem observar a presença dos outros veículos,Colisão lateral mesmo sentido,Com Vítimas Feridas,Plena Noite,Crescente,Céu Claro,Dupla,Reta,Sim,2,0,1,0,1,0,1,2,-15.887383,-48.077988,SPRF-DF,DEL01-DF,UOP02-DEL01-DF,24/01/2022 21:00:00,0.0,21.6,22.6,68.0,23.0,5.2,0.0
2497,418449,3/3/2022,quinta-feira,17:00:00,RJ,101.0,37.0,CAMPOS DOS GOYTACAZES,Transitar na contramão,Colisão frontal,Com Vítimas Fatais,Pleno dia,Crescente,Céu Claro,Simples,Desvio Temporário,Não,3,2,0,0,1,0,0,2,-21.52498519,-41.33663155,SPRF-RJ,DEL08-RJ,UOP01-DEL08-RJ,03/03/2022 17:00:00,0.0,30.5,32.4,55.0,4.0,15.2,1.0
44094,466232,8/6/2022,sábado,7:45:00,DF,70.0,9.8,BRASILIA,Acessar a via sem observar a presença dos outros veículos,Colisão traseira,Com Vítimas Feridas,Pleno dia,Crescente,Céu Claro,Dupla,Reta,Sim,2,0,1,0,1,0,1,2,-15.784615,-48.132023,SPRF-DF,DEL01-DF,UOP03-DEL01-DF,06/08/2022 08:00:00,0.0,18.4,16.7,52.0,7.0,9.4,1.0
29336,443902,4/15/2022,sexta-feira,11:00:00,RS,290.0,95.0,PORTO ALEGRE,Mal súbito do condutor,Colisão traseira,Com Vítimas Feridas,Pleno dia,Crescente,Nublado,Dupla,Reta,Não,2,0,1,0,1,0,1,2,-29.982832,-51.201572,SPRF-RS,DEL01-RS,UOP01-DEL01-RS,15/04/2022 11:00:00,0.0,18.2,17.4,68.0,63.0,12.8,1.0
42970,464539,7/28/2022,quinta-feira,21:00:00,ES,101.0,52.7,SAO MATEUS,Pista em desnível,Tombamento,Com Vítimas Feridas,Plena Noite,Decrescente,Céu Claro,Simples,Reta,Não,1,0,1,0,0,0,1,1,-18.60327989,-39.88710063,SPRF-ES,DEL04-ES,UOP02-DEL04-ES,28/07/2022 21:00:00,0.0,21.0,22.5,85.0,4.0,11.2,0.0
285,407633,1/9/2022,domingo,5:00:00,MS,163.0,487.0,CAMPO GRANDE,Ingestão de álcool pelo condutor,Colisão frontal,Com Vítimas Feridas,Pleno dia,Crescente,Céu Claro,Simples,Reta,Sim,2,0,0,1,1,0,1,2,-20.42493093,-54.54550758,SPRF-MS,DEL01-MS,UOP02-DEL01-MS,09/01/2022 05:00:00,0.0,21.8,23.1,79.0,6.0,10.8,0.0
17985,407653,1/9/2022,domingo,7:00:00,MG,262.0,539.4,LUZ,Acumulo de água sobre o pavimento,Saída de leito carroçável,Com Vítimas Feridas,Pleno dia,Crescente,Chuva,Simples,Curva,Não,2,0,2,0,0,0,2,1,-19.76268587,-45.79506296,SPRF-MG,DEL08-MG,UOP02-DEL08-MG,09/01/2022 07:00:00,4.5,18.6,20.3,96.0,100.0,8.3,1.0
58269,487726,11/18/2022,sexta-feira,21:00:00,RJ,101.0,49.0,CAMPOS DOS GOYTACAZES,Ultrapassagem Indevida,Colisão traseira,Com Vítimas Feridas,Plena Noite,Crescente,Nublado,Simples,Reta,Sim,2,0,0,1,1,0,1,2,-21.62508006,-41.31411242,SPRF-RJ,DEL08-RJ,UOP01-DEL08-RJ,18/11/2022 21:00:00,0.0,20.1,20.2,71.0,14.0,10.4,0.0
21544,414153,2/11/2022,sexta-feira,3:20:00,RS,158.0,333.0,SANTA MARIA,Ingestão de álcool pelo condutor,Colisão com objeto,Sem Vítimas,Plena Noite,Crescente,Céu Claro,Dupla,Reta,Sim,1,0,0,0,0,1,0,1,-29.70494942,-53.8464725,SPRF-RS,DEL09-RS,UOP01-DEL09-RS,11/02/2022 03:00:00,0.0,21.6,23.7,88.0,1.0,10.1,0.0
44893,467440,8/11/2022,quinta-feira,17:44:00,TO,153.0,679.0,CARIRI DO TOCANTINS,Ultrapassagem Indevida,Colisão lateral mesmo sentido,Sem Vítimas,Anoitecer,Decrescente,Céu Claro,Simples,Reta,Não,2,0,0,0,0,2,0,2,-11.78176489,-49.11301313,SPRF-TO,DEL01-TO,UOP02-DEL01-TO,11/08/2022 18:00:00,0.0,31.8,32.1,32.0,25.0,5.1,1.0
24027,418368,3/3/2022,quinta-feira,14:15:00,PE,408.0,100.0,RECIFE,Demais falhas mecânicas ou elétricas,Saída de leito carroçável,Com Vítimas Feridas,Pleno dia,Crescente,Sol,Dupla,Reta,Sim,2,0,2,0,0,0,2,1,-8.04364056,-35.01674995,SPRF-PE,DEL01-PE,UOP01-DEL01-PE,03/03/2022 14:00:00,0.3,29.9,33.5,67.0,50.0,17.4,1.0
23565,417674,2/27/2022,domingo,18:00:00,GO,153.0,514.3,APARECIDA DE GOIANIA,Desrespeitar a preferência no cruzamento,Colisão lateral sentido oposto,Sem Vítimas,Anoitecer,Crescente,Céu Claro,Dupla,Interseção de vias,Sim,2,0,0,0,2,0,0,2,-16.8315,-49.2434,SPRF-GO,DEL01-GO,UOP03-DEL01-GO,27/02/2022 18:00:00,0.0,27.2,31.5,73.0,14.0,4.0,1.0
56069,484389,11/2/2022,quarta-feira,10:25:00,ES,101.0,241.6,SERRA,Acessar a via sem observar a presença dos outros veículos,Colisão transversal,Com Vítimas Feridas,Pleno dia,Crescente,Céu Claro,Dupla,Reta,Não,2,0,2,0,0,0,2,2,-20.02389596,-40.39998096,SPRF-ES,DEL02-ES,UOP01-DEL02-ES,02/11/2022 10:00:00,1.1,19.7,19.2,94.0,100.0,25.7,1.0
24976,419879,3/11/2022,sexta-feira,11:35:00,SC,101.0,213.7,PALHOCA,Desrespeitar a preferência no cruzamento,Colisão transversal,Com Vítimas Feridas,Pleno dia,Decrescente,Céu Claro,Simples,Interseção de vias,Sim,3,0,1,0,1,1,1,2,-27.63961239,-48.66660166,SPRF-SC,DEL01-SC,UOP02-DEL01-SC,11/03/2022 12:00:00,0.1,28.2,34.9,83.0,58.0,3.2,1.0
33790,450588,5/18/2022,quarta-feira,18:10:00,PE,232.0,130.8,CARUARU,Ausência de reação do condutor,Saída de leito carroçável,Sem Vítimas,Plena Noite,Crescente,Céu Claro,Dupla,Reta,Não,1,0,0,0,0,1,0,1,-8.30117613,-35.99843996,SPRF-PE,DEL02-PE,UOP01-DEL02-PE,18/05/2022 18:00:00,0.0,25.7,27.9,65.0,2.0,6.9,0.0
14046,485133,11/6/2022,domingo,5:30:00,MT,364.0,333.0,SANTO ANTONIO DO LEVERGER,Ausência de reação do condutor,Saída de leito carroçável,Com Vítimas Feridas,Pleno dia,Crescente,Céu Claro,Dupla,Não Informado,Não,1,0,0,1,0,0,1,1,-15.82967713,-55.43580087,SPRF-MT,DEL05-MT,UOP02-DEL05-MT,06/11/2022 06:00:00,0.0,17.9,17.9,69.0,4.0,4.2,0.0
11379,473264,9/9/2022,sexta-feira,6:10:00,MG,381.0,456.9,BELO HORIZONTE,Acessar a via sem observar a presença dos outros veículos,Queda de ocupante de veículo,Com Vítimas Feridas,Pleno dia,Crescente,Céu Claro,Dupla,Reta,Sim,2,0,1,0,1,0,1,2,-19.85862954,-43.91292495,SPRF-MG,DEL01-MG,UOP01-DEL01-MG,09/09/2022 06:00:00,0.0,13.2,12.2,82.0,0.0,7.5,1.0
56646,485256,11/6/2022,domingo,20:15:00,MG,40.0,57.2,PARACATU,Entrada inopinada do pedestre,Atropelamento de Pedestre,Com Vítimas Feridas,Plena Noite,Crescente,Céu Claro,Simples,Reta,Não,2,0,0,1,0,1,1,1,-17.29349791,-46.77346153,SPRF-MG,DEL14-MG,UOP01-DEL14-MG,06/11/2022 20:00:00,0.1,23.4,24.8,63.0,52.0,4.8,0.0
62174,493707,12/18/2022,domingo,18:00:00,MG,365.0,625.0,UBERLANDIA,Reação tardia ou ineficiente do condutor,Colisão lateral mesmo sentido,Com Vítimas Feridas,Pleno dia,Crescente,Céu Claro,Dupla,Não Informado,Sim,3,0,0,1,1,1,1,2,-18.90955176,-48.30293119,SPRF-MG,DEL15-MG,UOP01-DEL15-MG,18/12/2022 18:00:00,0.3,26.9,29.3,60.0,36.0,4.5,1.0
17943,407588,1/8/2022,sábado,21:15:00,BA,324.0,342.0,QUIXABEIRA,Animais na Pista,Atropelamento de Animal,Com Vítimas Feridas,Plena Noite,Decrescente,Céu Claro,Simples,Não Informado,Não,5,0,3,2,0,0,5,1,-11.33113,-40.13567,SPRF-BA,DEL04-BA,UOP02-DEL04-BA,08/01/2022 21:00:00,0.0,23.8,27.6,87.0,41.0,6.0,0.0
21905,414756,2/13/2022,domingo,14:30:00,MA,135.0,42.0,BACABEIRA,Demais falhas mecânicas ou elétricas,Incêndio,Sem Vítimas,Pleno dia,Crescente,Céu Claro,Dupla,Reta,Não,2,0,0,0,2,0,0,1,-2.90651395,-44.36050773,SPRF-MA,DEL01-MA,UOP01-DEL01-MA,13/02/2022 15:00:00,2.1,27.9,31.7,77.0,100.0,13.7,1.0
4545,443951,4/15/2022,sexta-feira,16:05:00,MS,163.0,723.0,COXIM,Transitar na contramão,Colisão lateral sentido oposto,Com Vítimas Feridas,Pleno dia,Crescente,Céu Claro,Simples,Reta,Não,4,0,1,0,3,0,1,2,-18.5684818,-54.75955037,SPRF-MS,DEL06-MS,UOP01-DEL06-MS,15/04/2022 16:00:00,0.0,29.8,31.6,46.0,21.0,5.6,1.0