,id,data_inversa,dia_semana,horario,uf,br,km,municipio,causa_acidente,tipo_acidente,classificacao_acidente,fase_dia,sentido_via,condicao_metereologica,tipo_pista,tracado_via,uso_solo,pessoas,mortos,feridos_leves,feridos_graves,ilesos,ignorados,feridos,veiculos,latitude,longitude,regional,delegacia,uop,rounded_datetime,rain,temperature_2m,apparent_temperature,relativehumidity_2m,cloudcover,windspeed_10m,is_day
23872,418127,3/2/2022,quarta-feira,8:20:00,MG,381.0,480.9,CONTAGEM,Trafegar com motocicleta (ou similar) entre as faixas,Colisão lateral mesmo sentido,Com Vítimas Feridas,Pleno dia,Crescente,Céu Claro,Simples,Reta,Sim,2,0,1,0,1,0,1,2,-19.95749597,-44.07899901,SPRF-MG,DEL01-MG,UOP03-DEL01-MG,02/03/2022 08:00:00,0.0,21.4,22.8,76.0,1.0,7.9,1.0
35784,453620,6/2/2022,quinta-feira,15:00:00,PE,101.0,60.6,RECIFE,Ausência de reação do condutor,Colisão com objeto,Sem Vítimas,Pleno dia,Crescente,Nublado,Dupla,Reta,Não,3,0,0,0,3,0,0,1,-7.98344307,-34.93176727,SPRF-PE,DEL01-PE,UOP02-DEL01-PE,02/06/2022 15:00:00,0.3,25.8,29.4,83.0,64.0,11.5,1.0
23836,418074,3/1/2022,terça-feira,19:00:00,GO,40.0,7.0,VALPARAISO DE GOIAS,Acessar a via sem observar a presença dos outros veículos,Colisão transversal,Com Vítimas Feridas,Plena Noite,Decrescente,Céu Claro,Dupla,Reta,Sim,4,0,1,1,2,0,2,3,-16.108482,-47.972524,SPRF-DF,DEL01-DF,UOP01-DEL01-DF,01/03/2022 19:00:00,0.0,24.3,25.2,59.0,27.0,7.4,0.0
38354,457420,6/22/2022,quarta-feira,22:45:00,MG,381.0,933.8,EXTREMA,Reação tardia ou ineficiente do condutor,Saída de leito carroçável,Com Vítimas Feridas,Plena Noite,Crescente,Céu Claro,Dupla,Não Informado,Não,2,0,1,0,1,0,1,1,-22.79979225,-46.258986,SPRF-MG,DEL16-MG,UOP03-DEL16-MG,22/06/2022 23:00:00,0.0,12.3,11.3,87.0,0.0,7.0,0.0
33228,449775,5/14/2022,sábado,9:45:00,SP,116.0,230.0,SAO PAULO,Reação tardia ou ineficiente do condutor,Colisão traseira,Com Vítimas Feridas,Pleno dia,Crescente,Céu Claro,Múltipla,Reta,Sim,2,0,1,0,1,0,1,2,-23.52251783,-46.5855702,SPRF-SP,DEL01-SP,UOP01-DEL01-SP,14/05/2022 10:00:00,0.0,19.0,18.7,76.0,64.0,12.7,1.0
28397,429960,4/8/2022,sexta-feira,17:40:00,RS,116.0,264.0,CANOAS,Acessar a via sem observar a presença dos outros veículos,Colisão lateral mesmo sentido,Com Vítimas Feridas,Anoitecer,Crescente,Céu Claro,Dupla,Reta,Sim,2,0,1,0,1,0,1,2,-29.914435,-51.17754495,SPRF-RS,DEL01-RS,UOP01-DEL01-RS,08/04/2022 18:00:00,0.0,21.3,21.8,77.0,19.0,13.7,1.0
55938,484178,10/31/2022,segunda-feira,20:18:00,DF,40.0,8.1,BRASILIA,Entrada inopinada do pedestre,Atropelamento de Pedestre,Com Vítimas Feridas,Plena Noite,Decrescente,Chuva,Dupla,Reta,Sim,2,0,1,0,1,0,1,1,-16.04910259,-47.98137188,SPRF-DF,DEL01-DF,UOP01-DEL01-DF,31/10/2022 20:00:00,0.0,21.5,24.1,84.0,89.0,4.3,0.0
38974,458306,6/27/2022,segunda-feira,5:30:00,MT,174.0,120.0,MIRASSOL DOESTE,Velocidade Incompatível,Saída de leito carroçável,Com Vítimas Fatais,Amanhecer,Crescente,Nevoeiro/Neblina,Simples,Curva,Não,1,1,0,0,0,0,0,1,-15.84289326,-58.10810172,SPRF-MT,DEL03-MT,UOP01-DEL03-MT,27/06/2022 06:00:00,0.0,15.5,16.3,93.0,0.0,4.5,0.0
28678,442911,4/10/2022,domingo,6:50:00,SP,116.0,204.0,ARUJA,Condutor Dormindo,Colisão com objeto,Sem Vítimas,Pleno dia,Crescente,Céu Claro,Múltipla,Reta,Sim,1,0,0,0,1,0,0,1,-23.41236123,-46.35692496,SPRF-SP,DEL01-SP,UOP01-DEL01-SP,10/04/2022 07:00:00,0.0,18.5,21.1,99.0,100.0,3.1,1.0
41544,462281,7/17/2022,domingo,18:30:00,RS,470.0,165.0,VILA FLORES,Transitar na contramão,Colisão transversal,Com Vítimas Feridas,Anoitecer,Decrescente,Céu Claro,Simples,Curva,Não,6,0,5,0,0,1,5,2,-28.84169703,-51.57429796,SPRF-RS,DEL06-RS,UOP02-DEL06-RS,17/07/2022 19:00:00,0.0,9.3,7.1,71.0,45.0,5.4,0.0
23114,416913,2/24/2022,quinta-feira,23:30:00,ES,262.0,47.5,MARECHAL FLORIANO,Velocidade Incompatível,Colisão traseira,Com Vítimas Fatais,Plena Noite,Crescente,Céu Claro,Simples,Não Informado,Não,3,1,1,0,0,1,1,2,-20.41130252,-40.67926543,SPRF-ES,DEL01-ES,UOP01-DEL01-ES,25/02/2022 00:00:00,0.0,20.9,24.3,97.0,53.0,4.1,0.0
4899,445601,4/23/2022,sábado,17:45:00,MG,251.0,367.2,PADRE CARVALHO,Ultrapassagem Indevida,Colisão frontal,Com Vítimas Fatais,Anoitecer,Crescente,Céu Claro,Simples,Reta,Não,3,1,0,0,2,0,0,3,-16.28432002,-42.68795299,SPRF-MG,DEL12-MG,UOP01-DEL12-MG,23/04/2022 18:00:00,0.0,26.2,27.4,52.0,21.0,4.6,0.0
42613,463948,7/25/2022,segunda-feira,0:00:00,RJ,40.0,111.0,DUQUE DE CAXIAS,Ingestão de álcool pelo condutor,Queda de ocupante de veículo,Com Vítimas Feridas,Plena Noite,Crescente,Céu Claro,Múltipla,Reta,Sim,1,0,1,0,0,0,1,1,-22.691868,-43.287453,SPRF-RJ,DEL01-RJ,UOP01-DEL01-RJ,25/07/2022 00:00:00,0.0,18.0,19.1,92.0,12.0,8.9,0.0
40621,460878,7/10/2022,domingo,9:15:00,MG,365.0,654.0,MONTE ALEGRE DE MINAS,Ausência de reação do condutor,Saída de leito carroçável,Com Vítimas Feridas,Pleno dia,Crescente,Céu Claro,Dupla,Reta,Não,1,0,1,0,0,0,1,1,-18.86812405,-48.59526395,SPRF-MG,DEL15-MG,UOP01-DEL15-MG,10/07/2022 09:00:00,0.0,18.8,15.8,48.0,10.0,16.2,1.0
55708,483861,10/30/2022,domingo,10:00:00,PR,376.0,361.3,ORTIGUEIRA,Pedestre cruzava a pista fora da faixa,Atropelamento de Pedestre,Com Vítimas Feridas,Pleno dia,Decrescente,Nublado,Simples,Reta,Não,7,0,0,1,4,2,1,1,-24.28165,-50.882308,SPRF-PR,DEL07-PR,UOP02-DEL07-PR,30/10/2022 10:00:00,0.0,22.7,24.2,79.0,100.0,13.8,1.0
7794,458324,6/27/2022,segunda-feira,14:00:00,RJ,116.0,298.8,RESENDE,Demais falhas mecânicas ou elétricas,Incêndio,Sem Vítimas,Pleno dia,Decrescente,Nublado,Dupla,Não Informado,Não,1,0,0,0,1,0,0,1,-22.45083254,-44.33823701,SPRF-RJ,DEL07-RJ,UOP02-DEL07-RJ,27/06/2022 14:00:00,0.0,17.6,17.1,68.0,100.0,6.9,1.0
60127,490604,12/3/2022,sábado,21:32:00,GO,452.0,1.0,RIO VERDE,Ausência de reação do condutor,Colisão traseira,Com Vítimas Fatais,Plena Noite,Decrescente,Nublado,Dupla,Reta,Sim,2,1,0,0,1,0,0,2,-17.79126493,-50.89368296,SPRF-GO,DEL04-GO,UOP01-DEL04-GO,03/12/2022 22:00:00,0.1,22.4,24.5,80.0,75.0,7.8,0.0
16603,496017,12/13/2022,terça-feira,15:30:00,MG,153.0,86.0,PRATA,Transitar na contramão,Colisão frontal,Com Vítimas Feridas,Pleno dia,Crescente,Chuva,Simples,Reta,Não,2,0,1,1,0,0,2,2,-19.10959519,-48.97442725,SPRF-MG,DEL15-MG,UOP03-DEL15-MG,13/12/2022 16:00:00,4.6,22.7,24.7,89.0,100.0,16.1,1.0
64132,497322,10/17/2022,segunda-feira,3:00:00,AL,316.0,93.7,SANTANA DO IPANEMA,Condutor Dormindo,Colisão com objeto,Com Vítimas Feridas,Plena Noite,Crescente,Céu Claro,Simples,Reta,Não,1,0,0,1,0,0,1,1,-9.38753121,-37.179845,SPRF-AL,DEL03-AL,UOP02-DEL03-AL,17/10/2022 03:00:00,0.0,20.7,23.4,91.0,46.0,5.3,0.0
40570,460821,7/10/2022,domingo,4:00:00,MG,381.0,446.0,SANTA LUZIA,Transitar na contramão,Colisão frontal,Sem Vítimas,Amanhecer,Crescente,Chuva,Simples,Curva,Não,4,0,0,0,3,1,0,2,-19.81532167,-43.80987167,SPRF-MG,DEL01-MG,UOP01-DEL01-MG,10/07/2022 04:00:00,0.0,14.4,13.9,93.0,67.0,10.4,0.0
46469,469905,8/23/2022,terça-feira,16:20:00,MG,116.0,416.0,GOVERNADOR VALADARES,Reação tardia ou ineficiente do condutor,Queda de ocupante de veículo,Com Vítimas Feridas,Pleno dia,Decrescente,Ignorado,Simples,Reta,Não,1,0,1,0,0,0,1,1,-18.89215187,-41.94699543,SPRF-MG,DEL06-MG,UOP01-DEL06-MG,23/08/2022 16:00:00,0.0,27.8,26.7,29.0,5.0,4.0,1.0
25066,420014,3/12/2022,sábado,0:40:00,CE,20.0,422.0,MARACANAU,Ingestão de álcool pelo condutor,Colisão lateral mesmo sentido,Sem Vítimas,Plena Noite,Crescente,Céu Claro,Dupla,Reta,Sim,2,0,0,0,2,0,0,2,-3.76999035,-38.67006282,SPRF-CE,DEL01-CE,UOP02-DEL01-CE,12/03/2022 01:00:00,0.6,24.4,29.5,93.0,65.0,3.6,0.0
27150,423284,2/6/2022,domingo,17:00:00,AP,210.0,2.0,MACAPA,Conversão proibida,Colisão lateral mesmo sentido,Com Vítimas Feridas,Pleno dia,Decrescente,Céu Claro,Dupla,Reta,Sim,3,0,2,0,1,0,2,2,0.08282017,-51.07776189,SPRF-AP,,UOP01-DEL01-AP,06/02/2022 17:00:00,0.2,26.7,30.1,80.0,67.0,14.5,1.0
6280,451628,4/13/2022,quarta-feira,21:25:00,RO,364.0,154.7,PIMENTA BUENO,Reação tardia ou ineficiente do condutor,Colisão frontal,Com Vítimas Fatais,Plena Noite,Crescente,Céu Claro,Simples,Não Informado,Não,3,1,0,1,1,0,1,2,-11.96352798,-60.95724979,SPRF-RO,DEL02-RO,UOP02-DEL02-RO,13/04/2022 21:00:00,0.0,25.3,31.3,97.0,26.0,4.7,0.0
40250,460338,7/8/2022,sexta-feira,6:50:00,PR,376.0,289.0,MAUA DA SERRA,Reação tardia ou ineficiente do condutor,Saída de leito carroçável,Com Vítimas Feridas,Pleno dia,Decrescente,Céu Claro,Dupla,Reta,Sim,2,0,2,0,0,0,2,1,-23.88477919,-51.23838004,SPRF-PR,DEL07-PR,UOP02-DEL07-PR,08/07/2022 07:00:00,0.0,10.4,8.8,77.0,9.0,5.0,0.0
49947,475196,9/18/2022,domingo,12:00:00,ES,447.0,12.7,VILA VELHA,Ausência de reação do condutor,Colisão traseira,Com Vítimas Feridas,Pleno dia,Decrescente,Nublado,Dupla,Reta,Sim,2,0,1,0,1,0,1,2,-20.35831739,-40.3325808,SPRF-ES,DEL01-ES,UOP01-DEL01-ES,18/09/2022 12:00:00,0.0,22.0,22.1,59.0,100.0,14.4,1.0
42445,463733,7/24/2022,domingo,15:30:00,ES,262.0,81.2,DOMINGOS MARTINS,Condutor deixou de manter distância do veículo da frente,Colisão traseira,Com Vítimas Feridas,Pleno dia,Crescente,Céu Claro,Simples,Reta,Não,8,0,4,0,4,0,4,4,-20.40924049,-40.94035394,SPRF-ES,DEL01-ES,UOP02-DEL01-ES,24/07/2022 16:00:00,0.0,20.9,19.8,55.0,10.0,10.2,1.0
29307,443863,4/14/2022,quinta-feira,19:30:00,AP,156.0,380.0,FERREIRA GOMES,Acessar a via sem observar a presença dos outros veículos,Queda de ocupante de veículo,Com Vítimas Feridas,Plena Noite,Decrescente,Nublado,Dupla,Desvio Temporário,Não,3,0,2,0,0,1,2,2,0.8500834137,-51.1889472018,SPRF-AP,,UOP02-DEL01-AP,14/04/2022 20:00:00,0.0,24.1,28.2,93.0,79.0,9.2,0.0
13846,484290,11/1/2022,terça-feira,17:35:00,ES,101.0,388.0,RIO NOVO DO SUL,Reação tardia ou ineficiente do condutor,Tombamento,Com Vítimas Feridas,Plena Noite,Decrescente,Chuva,Simples,Curva,Não,1,0,0,1,0,0,1,1,-20.85689511,-40.8767812,SPRF-ES,DEL03-ES,UOP02-DEL03-ES,01/11/2022 18:00:00,0.7,23.2,26.8,94.0,100.0,9.4,0.0
17362,405703,1/3/2022,segunda-feira,13:20:00,SC,470.0,104.9,APIUNA,Velocidade Incompatível,Saída de leito carroçável,Com Vítimas Feridas,Pleno dia,Decrescente,Céu Claro,Simples,Curva,Não,2,0,2,0,0,0,2,1,-27.06135,-49.410408,SPRF-SC,DEL04-SC,UOP02-DEL04-SC,03/01/2022 13:00:00,0.0,33.7,39.9,47.0,4.0,7.6,1.0
20901,413039,2/5/2022,sábado,11:50:00,SC,163.0,68.7,SAO MIGUEL DO OESTE,Reação tardia ou ineficiente do condutor,Colisão transversal,Com Vítimas Feridas,Pleno dia,Crescente,Chuva,Dupla,Reta,Sim,3,0,1,0,2,0,1,2,-26.73461723,-53.50680015,SPRF-SC,DEL07-SC,UOP03-DEL07-SC,05/02/2022 12:00:00,1.8,20.9,23.2,97.0,100.0,11.3,1.0
19651,410854,1/24/2022,segunda-feira,8:25:00,RS,472.0,617.0,BARRA DO QUARAI,Reação tardia ou ineficiente do condutor,Saída de leito carroçável,Com Vítimas Feridas,Pleno dia,Decrescente,Céu Claro,Simples,Reta,Não,1,0,0,1,0,0,1,1,-30.06834,-57.277659,SPRF-RS,DEL13-RS,UOP01-DEL13-RS,24/01/2022 08:00:00,0.0,29.6,32.3,61.0,15.0,12.4,1.0
29620,444292,4/17/2022,domingo,14:30:00,MG,50.0,125.0,UBERABA,Demais falhas mecânicas ou elétricas,Tombamento,Com Vítimas Feridas,Pleno dia,Decrescente,Céu Claro,Dupla,Reta,Não,2,0,2,0,0,0,2,1,-19.35005196,-48.09182591,SPRF-MG,DEL13-MG,UOP01-DEL13-MG,17/04/2022 15:00:00,0.0,25.9,25.6,40.0,34.0,5.9,1.0
46229,469522,8/21/2022,domingo,18:15:00,RS,290.0,60.0,GRAVATAI,Condutor usando celular,Colisão traseira,Sem Vítimas,Anoitecer,Crescente,Céu Claro,Dupla,Reta,Não,2,0,0,0,2,0,0,2,-29.92473766,-50.85899055,SPRF-RS,DEL03-RS,UOP01-DEL03-RS,21/08/2022 18:00:00,0.0,15.5,14.7,72.0,0.0,6.6,1.0
41449,462159,7/16/2022,sábado,19:30:00,MG,116.0,413.0,GOVERNADOR VALADARES,Ausência de reação do condutor,Colisão traseira,Com Vítimas Feridas,Plena Noite,Crescente,Céu Claro,Simples,Interseção de vias,Sim,3,0,1,0,2,0,1,3,-18.873907,-41.966366,SPRF-MG,DEL06-MG,UOP01-DEL06-MG,16/07/2022 20:00:00,0.0,23.1,23.2,56.0,21.0,7.4,0.0
61989,493467,12/17/2022,sábado,19:00:00,TO,153.0,605.0,CRIXAS DO TOCANTINS,Condutor deixou de manter distância do veículo da frente,Colisão traseira,Com Vítimas Feridas,Plena Noite,Crescente,Nublado,Simples,Reta,Não,3,0,1,1,1,0,2,2,-11.140322,-48.92431795,SPRF-TO,DEL01-TO,UOP02-DEL01-TO,17/12/2022 19:00:00,0.0,25.3,29.8,86.0,30.0,6.2,0.0
41910,462935,7/21/2022,quinta-feira,6:41:00,DF,40.0,1.0,BRASILIA,Manobra de mudança de faixa,Colisão lateral mesmo sentido,Com Vítimas Feridas,Pleno dia,Decrescente,Céu Claro,Dupla,Reta,Sim,3,0,1,0,2,0,1,3,-15.98531052,-47.98761606,SPRF-DF,DEL01-DF,UOP01-DEL01-DF,21/07/2022 07:00:00,0.0,12.6,10.2,70.0,8.0,11.9,1.0
56215,484616,10/25/2022,terça-feira,9:30:00,MS,267.0,473.0,GUIA LOPES DA LAGUNA,Demais falhas mecânicas ou elétricas,Eventos atípicos,Sem Vítimas,Pleno dia,Crescente,Céu Claro,Simples,Reta,Não,1,0,0,0,1,0,0,1,-21.42779935,-56.09122798,SPRF-MS,DEL05-MS,UOP01-DEL05-MS,25/10/2022 10:00:00,0.0,28.9,31.3,49.0,0.0,9.3,1.0
6971,454524,6/7/2022,terça-feira,16:30:00,PR,153.0,455.6,UNIAO DA VITORIA,Ausência de reação do condutor,Saída de leito carroçável,Com Vítimas Feridas,Pleno dia,Crescente,Garoa/Chuvisco,Simples,Reta,Não,3,0,3,0,0,0,3,1,-26.2275072,-51.0656512,SPRF-PR,DEL02-PR,UOP03-DEL02-PR,07/06/2022 17:00:00,0.0,15.1,15.1,94.0,67.0,9.2,1.0
57913,487154,11/16/2022,quarta-feira,6:50:00,MG,381.0,488.2,BETIM,Ausência de reação do condutor,Colisão traseira,Sem Vítimas,Amanhecer,Decrescente,Nublado,Dupla,Não Informado,Sim,2,0,0,0,2,0,0,2,-19.95681096,-44.125911,SPRF-MG,DEL01-MG,UOP03-DEL01-MG,16/11/2022 07:00:00,0.6,19.3,21.6,95.0,100.0,5.2,1.0
22998,416716,2/23/2022,quarta-feira,19:30:00,CE,222.0,6.4,CAUCAIA,Demais falhas mecânicas ou elétricas,Queda de ocupante de veículo,Com Vítimas Feridas,Plena Noite,Crescente,Nublado,Dupla,Reta,Sim,2,0,1,0,1,0,1,1,-3.74723,-38.626065,SPRF-CE,DEL01-CE,UOP01-DEL01-CE,23/02/2022 20:00:00,0.0,27.6,31.3,81.0,13.0,15.5,0.0
22615,416100,2/20/2022,domingo,9:35:00,PE,232.0,412.8,SERRA TALHADA,Reação tardia ou ineficiente do condutor,Colisão lateral mesmo sentido,Com Vítimas Feridas,Pleno dia,Crescente,Nublado,Simples,Reta,Sim,2,0,1,0,1,0,1,2,-7.98377927,-38.3208774,SPRF-PE,DEL04-PE,UOP01-DEL04-PE,20/02/2022 10:00:00,0.0,28.4,31.7,60.0,76.0,10.6,1.0
20832,412922,2/4/2022,sexta-feira,21:40:00,PR,476.0,195.9,LAPA,Velocidade Incompatível,Colisão transversal,Com Vítimas Feridas,Plena Noite,Decrescente,Céu Claro,Simples,Interseção de vias,Sim,2,0,0,1,1,0,1,2,-25.75248784,-49.72458754,SPRF-PR,DEL02-PR,UOP04-DEL02-PR,04/02/2022 22:00:00,0.0,20.0,21.9,94.0,43.0,10.6,0.0
34708,452011,5/25/2022,quarta-feira,21:00:00,CE,222.0,4.0,CAUCAIA,Retorno proibido,Colisão transversal,Com Vítimas Feridas,Plena Noite,Decrescente,Nublado,Dupla,Reta,Sim,2,0,0,2,0,0,2,2,-3.74164754,-38.60449792,SPRF-CE,DEL01-CE,UOP01-DEL01-CE,25/05/2022 21:00:00,0.0,26.0,30.5,85.0,24.0,8.4,0.0
33827,450648,5/18/2022,quarta-feira,23:40:00,MG,381.0,435.0,SABARA,Condutor deixou de manter distância do veículo da frente,Capotamento,Com Vítimas Feridas,Plena Noite,Decrescente,Céu Claro,Simples,Reta,Sim,1,0,0,1,0,0,1,1,-19.78684513,-43.72634768,SPRF-MG,DEL01-MG,UOP01-DEL01-MG,19/05/2022 00:00:00,0.0,10.4,5.9,54.0,2.0,18.4,0.0
47892,472061,9/3/2022,sábado,16:00:00,PR,277.0,33.0,MORRETES,Reação tardia ou ineficiente do condutor,Colisão com objeto,Com Vítimas Feridas,Pleno dia,Crescente,Chuva,Dupla,Não Informado,Não,3,0,1,0,2,0,1,1,-25.56674328,-48.81097376,SPRF-PR,DEL01-PR,UOP05-DEL01-PR,03/09/2022 16:00:00,0.3,13.4,11.6,90.0,100.0,15.8,1.0
61659,492930,12/15/2022,quinta-feira,13:10:00,RJ,40.0,123.0,DUQUE DE CAXIAS,Acesso irregular,Colisão frontal,Com Vítimas Feridas,Pleno dia,Decrescente,Céu Claro,Múltipla,Interseção de vias,Sim,3,0,0,1,2,0,1,2,-22.79907687,-43.29015739,SPRF-RJ,DEL01-RJ,UOP01-DEL01-RJ,15/12/2022 13:00:00,0.0,27.4,30.0,47.0,15.0,12.4,1.0
58853,488675,11/23/2022,quarta-feira,6:45:00,SP,153.0,52.0,SAO JOSE DO RIO PRETO,Conversão proibida,Colisão lateral mesmo sentido,Com Vítimas Feridas,Pleno dia,Crescente,Céu Claro,Simples,Reta,Não,2,0,1,0,1,0,1,2,-20.72702499,-49.33838971,SPRF-SP,DEL09-SP,UOP01-DEL09-SP,23/11/2022 07:00:00,0.1,21.2,23.3,93.0,66.0,12.1,1.0
53955,481356,10/17/2022,segunda-feira,20:20:00,BA,101.0,956.0,MUCURI,Demais falhas mecânicas ou elétricas,Colisão traseira,Com Vítimas Feridas,Plena Noite,Crescente,Céu Claro,Simples,Reta,Não,2,0,1,0,1,0,1,2,-18.16840196,-39.91873914,SPRF-BA,DEL09-BA,UOP02-DEL09-BA,17/10/2022 20:00:00,0.0,23.5,25.7,81.0,34.0,12.1,0.0
36197,454212,6/6/2022,segunda-feira,4:50:00,MG,381.0,784.0,SAO GONCALO DO SAPUCAI,Objeto estático sobre o leito carroçável,Colisão com objeto,Com Vítimas Feridas,Plena Noite,Decrescente,Céu Claro,Dupla,Curva,Não,1,0,1,0,0,0,1,1,-21.873726,-45.53992,SPRF-MG,DEL16-MG,UOP02-DEL16-MG,06/06/2022 05:00:00,0.0,9.9,8.5,91.0,0.0,6.5,0.0
35053,452521,5/28/2022,sábado,13:30:00,MT,163.0,831.6,SINOP,Ingestão de álcool pelo condutor,Saída de leito carroçável,Com Vítimas Feridas,Pleno dia,Crescente,Sol,Dupla,Curva,Sim,3,0,1,0,0,2,1,1,-12.040704,-55.51732275,SPRF-MT,DEL06-MT,UOP01-DEL06-MT,28/05/2022 14:00:00,0.0,31.0,32.7,44.0,29.0,8.9,1.0
10051,467507,8/12/2022,sexta-feira,8:40:00,CE,116.0,523.0,JATI,Condutor deixou de manter distância do veículo da frente,Engavetamento,Sem Vítimas,Pleno dia,Crescente,Céu Claro,Simples,Reta,Não,5,0,0,0,4,1,0,5,-7.6344,-39.027194,SPRF-CE,DEL05-CE,UOP03-DEL05-CE,12/08/2022 09:00:00,0.0,25.8,26.5,53.0,0.0,9.3,1.0
21390,413824,2/9/2022,quarta-feira,6:55:00,SC,280.0,20.0,ARAQUARI,Acessar a via sem observar a presença dos outros veículos,Colisão transversal,Com Vítimas Feridas,Pleno dia,Crescente,Céu Claro,Simples,Interseção de vias,Não,2,0,1,0,1,0,1,2,-26.36990477,-48.68224301,SPRF-SC,DEL03-SC,UOP03-DEL03-SC,09/02/2022 07:00:00,0.0,21.4,23.9,85.0,48.0,4.7,1.0
59843,490182,12/2/2022,sexta-feira,7:29:00,ES,101.0,265.2,SERRA,Manobra de mudança de faixa,Colisão lateral mesmo sentido,Com Vítimas Feridas,Pleno dia,Crescente,Chuva,Dupla,Reta,Sim,2,0,1,0,0,1,1,2,-20.1816849,-40.26536036,SPRF-ES,DEL02-ES,UOP01-DEL02-ES,02/12/2022 07:00:00,4.5,22.6,24.5,94.0,100.0,19.2,1.0
15890,492962,12/15/2022,quinta-feira,15:50:00,GO,50.0,110.3,CRISTALINA,Reação tardia ou ineficiente do condutor,Tombamento,Sem Vítimas,Pleno dia,Crescente,Nublado,Dupla,Reta,Não,1,0,0,0,1,0,0,1,-16.9309,-47.7117,SPRF-DF,DEL01-DF,UOP04-DEL01-DF,15/12/2022 16:00:00,0.9,25.2,28.1,66.0,88.0,1.5,1.0
19411,410468,1/22/2022,sábado,19:00:00,GO,40.0,3.1,VALPARAISO DE GOIAS,Acessar a via sem observar a presença dos outros veículos,Colisão transversal,Com Vítimas Feridas,Plena Noite,Crescente,Céu Claro,Dupla,Reta,Sim,2,0,1,0,1,0,1,2,-16.076081,-47.985671,SPRF-DF,DEL01-DF,UOP01-DEL01-DF,22/01/2022 19:00:00,0.0,24.3,25.8,65.0,25.0,7.3,0.0
27830,424450,4/3/2022,domingo,21:20:00,ES,482.0,105.1,GUACUI,Entrada inopinada do pedestre,Tombamento,Com Vítimas Feridas,Plena Noite,Decrescente,Céu Claro,Simples,Reta,Sim,1,0,1,0,0,0,1,1,-20.777433,-41.66744,SPRF-ES,DEL03-ES,UOP02-DEL03-ES,03/04/2022 21:00:00,0.0,21.7,24.9,93.0,56.0,6.6,0.0
12318,477376,9/28/2022,quarta-feira,11:50:00,MG,381.0,486.5,BETIM,Ausência de reação do condutor,Colisão traseira,Com Vítimas Feridas,Pleno dia,Crescente,Nublado,Dupla,Reta,Sim,5,0,2,1,2,0,3,2,-19.95644414,-44.13611598,SPRF-MG,DEL01-MG,UOP03-DEL01-MG,28/09/2022 12:00:00,0.0,25.2,26.1,58.0,74.0,8.9,1.0
42781,464222,7/27/2022,quarta-feira,5:10:00,SP,116.0,55.9,LORENA,Animais na Pista,Colisão com objeto,Com Vítimas Feridas,Amanhecer,Crescente,Nublado,Dupla,Reta,Não,1,0,0,1,0,0,1,1,-22.76356421,-45.12272385,SPRF-SP,DEL08-SP,UOP02-DEL08-SP,27/07/2022 05:00:00,0.0,14.7,15.3,94.0,64.0,3.6,0.0
7031,454737,6/9/2022,quinta-feira,1:00:00,MS,262.0,300.6,CAMPO GRANDE,Transitar na contramão,Colisão frontal,Com Vítimas Fatais,Plena Noite,Crescente,Nevoeiro/Neblina,Simples,Reta,Não,3,1,0,0,2,0,0,2,-20.49934466,-54.29493082,SPRF-MS,DEL01-MS,UOP01-DEL01-MS,09/06/2022 01:00:00,1.2,18.9,21.0,100.0,52.0,7.6,0.0
1326,412626,2/3/2022,quinta-feira,10:40:00,PR,277.0,7.8,PARANAGUA,Acessar a via sem observar a presença dos outros veículos,Colisão lateral mesmo sentido,Com Vítimas Feridas,Pleno dia,Decrescente,Nublado,Dupla,Reta,Sim,4,0,0,1,1,2,1,2,-25.56325904,-48.59249175,SPRF-PR,DEL01-PR,UOP05-DEL01-PR,03/02/2022 11:00:00,0.1,27.6,32.4,69.0,40.0,6.6,1.0
45602,468529,8/16/2022,terça-feira,14:30:00,RJ,101.0,401.0,ITAGUAI,Animais na Pista,Atropelamento de Animal,Com Vítimas Fatais,Pleno dia,Crescente,Céu Claro,Dupla,Curva,Não,6,1,3,1,1,0,4,1,-22.84853075,-43.77998836,SPRF-RJ,DEL01-RJ,UOP04-DEL01-RJ,16/08/2022 15:00:00,0.0,30.9,30.8,39.0,0.0,14.6,1.0
50283,475684,9/20/2022,terça-feira,20:00:00,MG,40.0,523.0,CONTAGEM,Ausência de reação do condutor,Tombamento,Com Vítimas Feridas,Plena Noite,Decrescente,Céu Claro,Dupla,Reta,Sim,1,0,1,0,0,0,1,1,-19.86874894,-44.05962197,SPRF-MG,DEL01-MG,UOP02-DEL01-MG,20/09/2022 20:00:00,0.0,23.5,25.3,65.0,63.0,4.0,0.0
13340,481832,10/20/2022,quinta-feira,21:20:00,SC,280.0,26.3,ARAQUARI,Conversão proibida,Colisão transversal,Com Vítimas Feridas,Plena Noite,Crescente,Garoa/Chuvisco,Simples,Não Informado,Sim,5,0,2,2,1,0,4,2,-26.38972308,-48.73411593,SPRF-SC,DEL03-SC,UOP03-DEL03-SC,20/10/2022 21:00:00,0.0,22.1,26.1,98.0,95.0,5.4,0.0