,id,data_inversa,dia_semana,horario,uf,br,km,municipio,causa_acidente,tipo_acidente,classificacao_acidente,fase_dia,sentido_via,condicao_metereologica,tipo_pista,tracado_via,uso_solo,pessoas,mortos,feridos_leves,feridos_graves,ilesos,ignorados,feridos,veiculos,latitude,longitude,regional,delegacia,uop,rounded_datetime,rain,temperature_2m,apparent_temperature,relativehumidity_2m,cloudcover,windspeed_10m,is_day
56581,485165,11/6/2022,domingo,10:00:00,PR,376.0,302.0,MAUA DA SERRA,Ausência de reação do condutor,Queda de ocupante de veículo,Com Vítimas Feridas,Pleno dia,Decrescente,Sol,Dupla,Não Informado,Não,1,0,0,1,0,0,1,1,-23.93544693,-51.14498377,SPRF-PR,DEL07-PR,UOP02-DEL07-PR,06/11/2022 10:00:00,0.0,17.1,16.5,53.0,0.0,11.4,1.0
58531,488132,11/23/2022,quarta-feira,19:30:00,RN,406.0,149.0,CEARA-MIRIM,Ultrapassagem Indevida,Colisão frontal,Sem Vítimas,Plena Noite,Decrescente,Céu Claro,Simples,Reta,Não,2,0,0,0,1,1,0,2,-5.6485583,-35.44127004,SPRF-RN,DEL02-RN,UOP01-DEL02-RN,23/11/2022 20:00:00,0.0,25.4,27.4,75.0,9.0,15.3,0.0
5317,447474,5/3/2022,terça-feira,5:15:00,BA,101.0,897.0,CARAVELAS,Ultrapassagem Indevida,Colisão lateral mesmo sentido,Com Vítimas Feridas,Pleno dia,Crescente,Céu Claro,Simples,Curva,Não,4,0,1,1,2,0,2,3,-17.703126,-39.768431,SPRF-BA,DEL09-BA,UOP02-DEL09-BA,03/05/2022 05:00:00,0.0,21.1,24.1,95.0,10.0,6.6,0.0
24904,419749,3/10/2022,quinta-feira,11:55:00,PR,376.0,166.0,MARINGA,Reação tardia ou ineficiente do condutor,Saída de leito carroçável,Com Vítimas Feridas,Pleno dia,Crescente,Céu Claro,Dupla,Reta,Não,1,0,1,0,0,0,1,1,-23.39663206,-52.00514304,SPRF-PR,DEL09-PR,UOP01-DEL09-PR,10/03/2022 12:00:00,0.2,30.4,34.7,55.0,14.0,10.4,1.0
52509,479275,10/7/2022,sexta-feira,21:30:00,SC,101.0,113.0,ITAJAI,Condutor deixou de manter distância do veículo da frente,Colisão traseira,Com Vítimas Feridas,Plena Noite,Crescente,Céu Claro,Dupla,Reta,Sim,4,0,1,0,3,0,1,3,-26.85311393,-48.72689927,SPRF-SC,DEL04-SC,UOP04-DEL04-SC,07/10/2022 22:00:00,0.0,18.7,19.6,73.0,0.0,2.1,0.0
30174,445117,4/21/2022,quinta-feira,7:00:00,BA,101.0,259.0,SANTO ANTONIO DE JESUS,Ultrapassagem Indevida,Colisão lateral mesmo sentido,Com Vítimas Feridas,Pleno dia,Crescente,Céu Claro,Simples,Desvio Temporário,Não,2,0,1,0,1,0,1,2,-13.05707208,-39.28148909,SPRF-BA,DEL01-BA,UOP02-DEL01-BA,21/04/2022 07:00:00,0.2,22.4,25.0,88.0,81.0,9.9,1.0
9571,465553,8/2/2022,terça-feira,13:15:00,MT,163.0,860.1,SINOP,Ausência de reação do condutor,Engavetamento,Com Vítimas Feridas,Pleno dia,Crescente,Céu Claro,Simples,Não Informado,Não,4,0,2,0,2,0,2,3,-11.76856796,-55.47109916,SPRF-MT,DEL06-MT,UOP02-DEL06-MT,02/08/2022 13:00:00,0.0,34.8,33.7,17.0,27.0,12.4,1.0
41167,461732,7/14/2022,quinta-feira,23:45:00,MT,163.0,834.0,SINOP,Reação tardia ou ineficiente do condutor,Colisão com objeto,Com Vítimas Feridas,Plena Noite,Decrescente,Céu Claro,Simples,Reta,Sim,1,0,1,0,0,0,1,1,-11.8622271,-55.49555898,SPRF-MT,DEL06-MT,UOP01-DEL06-MT,15/07/2022 00:00:00,0.0,23.2,23.2,53.0,8.0,6.7,0.0
48630,473231,9/9/2022,sexta-feira,3:10:00,PR,376.0,110.0,PARANAVAI,Ingestão de álcool pelo condutor,Colisão com objeto,Sem Vítimas,Plena Noite,Decrescente,Céu Claro,Simples,Reta,Sim,1,0,0,0,0,1,0,1,-23.08586386,-52.40179942,SPRF-PR,DEL09-PR,UOP02-DEL09-PR,09/09/2022 03:00:00,0.0,22.7,21.8,52.0,4.0,11.3,0.0
44472,466763,8/8/2022,segunda-feira,11:50:00,BA,324.0,622.0,SALVADOR,Ausência de reação do condutor,Tombamento,Com Vítimas Feridas,Pleno dia,Crescente,Céu Claro,Dupla,Reta,Sim,1,0,1,0,0,0,1,1,-12.93555398,-38.47266197,SPRF-BA,DEL01-BA,UOP01-DEL01-BA,08/08/2022 12:00:00,0.0,25.1,26.9,58.0,40.0,7.3,1.0
49563,474657,9/16/2022,sexta-feira,6:15:00,CE,222.0,5.0,CAUCAIA,Ingestão de álcool pelo condutor,Colisão traseira,Com Vítimas Feridas,Pleno dia,Decrescente,Céu Claro,Múltipla,Reta,Sim,2,0,1,0,1,0,1,2,-3.74296918,-38.61330997,SPRF-CE,DEL01-CE,UOP01-DEL01-CE,16/09/2022 06:00:00,0.1,25.2,27.4,84.0,32.0,19.6,1.0
47279,471112,7/8/2022,sexta-feira,18:11:00,RR,401.0,1.0,BOA VISTA,Acessar a via sem observar a presença dos outros veículos,Atropelamento de Pedestre,Com Vítimas Feridas,Plena Noite,Decrescente,Céu Claro,Dupla,Reta,Sim,2,0,2,0,0,0,2,1,2.80229396,-60.68243402,SPRF-RR,,UOP01-DEL01-RR,08/07/2022 18:00:00,0.0,28.5,33.3,74.0,21.0,5.9,1.0
63253,495317,12/26/2022,segunda-feira,7:45:00,PR,376.0,644.0,TIJUCAS DO SUL,Ingestão de álcool pelo condutor,Colisão frontal,Com Vítimas Feridas,Pleno dia,Crescente,Céu Claro,Simples,Não Informado,Não,2,0,1,0,1,0,1,2,-25.81419584,-49.13167969,SPRF-PR,DEL01-PR,UOP04-DEL01-PR,26/12/2022 08:00:00,0.1,19.3,21.6,89.0,65.0,2.9,1.0
63029,495035,12/24/2022,sábado,18:55:00,SP,153.0,74.0,SAO JOSE DO RIO PRETO,Demais falhas mecânicas ou elétricas,Saída de leito carroçável,Com Vítimas Feridas,Pleno dia,Crescente,Céu Claro,Dupla,Reta,Não,1,0,1,0,0,0,1,1,-20.887293,-49.428273,SPRF-SP,DEL09-SP,UOP01-DEL09-SP,24/12/2022 19:00:00,0.0,27.6,30.2,62.0,50.0,7.6,0.0
12486,478088,10/1/2022,sábado,19:50:00,PR,277.0,120.0,CAMPO LARGO,Reação tardia ou ineficiente do condutor,Colisão com objeto,Sem Vítimas,Plena Noite,Decrescente,Nublado,Simples,Reta,Não,1,0,0,0,1,0,0,1,-25.43651772,-49.44346612,SPRF-PR,DEL03-PR,UOP03-DEL03-PR,01/10/2022 20:00:00,0.0,15.8,16.2,86.0,47.0,5.1,0.0
48736,473399,9/9/2022,sexta-feira,20:05:00,RS,392.0,61.0,PELOTAS,Ausência de reação do condutor,Tombamento,Com Vítimas Feridas,Plena Noite,Decrescente,Chuva,Dupla,Curva,Não,1,0,1,0,0,0,1,1,-31.78636127,-52.3528092,SPRF-RS,DEL07-RS,UOP02-DEL07-RS,09/09/2022 20:00:00,0.0,11.4,5.3,72.0,94.0,35.6,0.0
1321,412605,2/3/2022,quinta-feira,9:00:00,SP,116.0,441.0,REGISTRO,Manobra de mudança de faixa,Colisão lateral mesmo sentido,Sem Vítimas,Pleno dia,Crescente,Céu Claro,Dupla,Reta,Não,3,0,0,0,3,0,0,2,-24.47609886,-47.8273532,SPRF-SP,DEL05-SP,UOP01-DEL05-SP,03/02/2022 09:00:00,0.0,25.8,31.0,84.0,42.0,1.5,1.0
60477,491093,12/6/2022,terça-feira,10:35:00,MG,40.0,544.0,BELO HORIZONTE,Condutor deixou de manter distância do veículo da frente,Tombamento,Com Vítimas Feridas,Pleno dia,Decrescente,Chuva,Múltipla,Curva,Não,1,0,1,0,0,0,1,1,-19.99848032,-43.96256558,SPRF-MG,DEL01-MG,UOP02-DEL01-MG,06/12/2022 11:00:00,0.7,18.9,19.8,84.0,90.0,8.3,1.0
30088,444981,4/20/2022,quarta-feira,16:05:00,MG,40.0,556.0,NOVA LIMA,Reação tardia ou ineficiente do condutor,Colisão traseira,Com Vítimas Feridas,Pleno dia,Decrescente,Céu Claro,Dupla,Reta,Não,2,0,0,1,1,0,1,2,-20.09356202,-43.97554136,SPRF-MG,DEL01-MG,UOP02-DEL01-MG,20/04/2022 16:00:00,0.0,23.3,21.5,36.0,40.0,7.9,1.0
29567,444220,4/10/2022,domingo,1:10:00,PI,316.0,6.8,TERESINA,Animais na Pista,Atropelamento de Animal,Com Vítimas Feridas,Plena Noite,Crescente,Nublado,Múltipla,Reta,Sim,1,0,1,0,0,0,1,1,-5.14702095,-42.77438982,SPRF-PI,DEL01-PI,UOP02-DEL01-PI,10/04/2022 01:00:00,0.1,23.4,27.9,99.0,58.0,8.6,0.0
59894,490268,12/2/2022,sexta-feira,14:50:00,SP,116.0,219.0,GUARULHOS,Reação tardia ou ineficiente do condutor,Colisão transversal,Com Vítimas Feridas,Pleno dia,Decrescente,Chuva,Múltipla,Reta,Sim,4,0,1,0,3,0,1,3,-23.46143954,-46.48885316,SPRF-SP,DEL01-SP,UOP01-DEL01-SP,02/12/2022 15:00:00,0.3,25.5,28.6,80.0,59.0,13.2,1.0
35654,453417,6/2/2022,quinta-feira,7:00:00,PR,163.0,283.0,MARECHAL CANDIDO RONDON,Acessar a via sem observar a presença dos outros veículos,Atropelamento de Pedestre,Com Vítimas Feridas,Pleno dia,Crescente,Garoa/Chuvisco,Simples,Reta,Sim,2,0,1,1,0,0,2,1,-24.57864514,-53.99236214,SPRF-PR,DEL06-PR,UOP02-DEL06-PR,02/06/2022 07:00:00,2.7,13.1,12.8,99.0,100.0,8.2,0.0
15315,490436,12/3/2022,sábado,2:30:00,SP,116.0,210.0,GUARULHOS,Ausência de reação do condutor,Colisão traseira,Com Vítimas Feridas,Plena Noite,Crescente,Vento,Múltipla,Não Informado,Sim,2,0,0,1,1,0,1,2,-23.42870023,-46.41085991,SPRF-SP,DEL01-SP,UOP01-DEL01-SP,03/12/2022 03:00:00,0.0,19.5,22.0,95.0,65.0,5.2,0.0
60534,491195,12/6/2022,terça-feira,18:45:00,PE,423.0,100.0,GARANHUNS,Demais falhas mecânicas ou elétricas,Saída de leito carroçável,Com Vítimas Feridas,Plena Noite,Decrescente,Céu Claro,Simples,Não Informado,Não,29,0,28,0,1,0,28,1,-8.87477127,-36.52085205,SPRF-PE,DEL03-PE,UOP01-DEL03-PE,06/12/2022 19:00:00,0.0,20.7,21.0,75.0,13.0,12.4,0.0
31515,447117,5/1/2022,domingo,13:39:00,PR,376.0,488.0,PONTA GROSSA,Condutor deixou de manter distância do veículo da frente,Colisão traseira,Com Vítimas Feridas,Pleno dia,Crescente,Nublado,Dupla,Não Informado,Sim,3,0,1,0,0,2,1,2,-25.08725864,-50.19440889,SPRF-PR,DEL03-PR,UOP01-DEL03-PR,01/05/2022 14:00:00,0.2,23.6,23.2,61.0,63.0,16.3,1.0
34974,452409,5/28/2022,sábado,0:00:00,MG,262.0,455.0,NOVA SERRANA,Reação tardia ou ineficiente do condutor,Saída de leito carroçável,Com Vítimas Fatais,Plena Noite,Crescente,Céu Claro,Simples,Reta,Sim,1,1,0,0,0,0,0,1,-19.8482311,-45.03238506,SPRF-MG,DEL08-MG,UOP03-DEL08-MG,28/05/2022 00:00:00,0.0,14.8,13.4,68.0,30.0,7.6,0.0
62223,493773,12/19/2022,segunda-feira,3:30:00,SC,101.0,329.0,CAPIVARI DE BAIXO,Conversão proibida,Saída de leito carroçável,Sem Vítimas,Plena Noite,Crescente,Chuva,Dupla,Reta,Não,1,0,0,0,0,1,0,1,-28.44404822,-48.96611372,SPRF-SC,DEL02-SC,UOP01-DEL02-SC,19/12/2022 04:00:00,0.2,19.6,19.9,85.0,100.0,15.2,0.0
40637,460898,3/4/2022,sexta-feira,22:20:00,DF,40.0,5.7,BRASILIA,Manobra de mudança de faixa,Colisão lateral mesmo sentido,Com Vítimas Feridas,Plena Noite,Crescente,Nublado,Dupla,Reta,Não,2,0,1,0,1,0,1,2,-16.02799551,-47.97883987,SPRF-DF,DEL01-DF,UOP01-DEL01-DF,04/03/2022 22:00:00,0.0,18.3,20.0,92.0,30.0,5.6,0.0
18496,408595,1/14/2022,sexta-feira,9:45:00,SC,470.0,98.0,APIUNA,Condutor deixou de manter distância do veículo da frente,Colisão com objeto,Com Vítimas Feridas,Pleno dia,Crescente,Nublado,Simples,Reta,Não,2,0,1,0,1,0,1,1,-27.032537,-49.385468,SPRF-SC,DEL04-SC,UOP01-DEL04-SC,14/01/2022 10:00:00,0.0,25.9,29.7,75.0,100.0,6.1,1.0
21595,414244,2/11/2022,sexta-feira,14:00:00,PB,230.0,21.0,JOAO PESSOA,Demais falhas mecânicas ou elétricas,Tombamento,Com Vítimas Feridas,Pleno dia,Crescente,Céu Claro,Dupla,Reta,Sim,1,0,1,0,0,0,1,1,-7.1415,-34.8519,SPRF-PB,DEL01-PB,UOP01-DEL01-PB,11/02/2022 14:00:00,0.0,29.8,33.6,66.0,14.0,16.8,1.0
8192,459881,7/5/2022,terça-feira,16:10:00,PR,369.0,522.0,CASCAVEL,Acessar a via sem observar a presença dos outros veículos,Colisão transversal,Sem Vítimas,Pleno dia,Decrescente,Céu Claro,Simples,Reta,Não,2,0,0,0,2,0,0,2,-24.9408,-53.3978,SPRF-PR,DEL04-PR,UOP01-DEL04-PR,05/07/2022 16:00:00,0.0,22.3,21.0,55.0,30.0,14.5,1.0
15602,491634,12/8/2022,quinta-feira,22:45:00,SC,101.0,388.5,CRICIUMA,Reação tardia ou ineficiente do condutor,Colisão traseira,Com Vítimas Feridas,Plena Noite,Crescente,Céu Claro,Múltipla,Reta,Não,2,0,1,0,1,0,1,2,-28.78529329,-49.33739925,SPRF-SC,DEL02-SC,UOP02-DEL02-SC,08/12/2022 23:00:00,0.0,22.5,25.3,87.0,29.0,8.4,0.0
52511,479278,10/7/2022,sexta-feira,20:00:00,CE,20.0,83.0,TAUA,Reação tardia ou ineficiente do condutor,Colisão frontal,Com Vítimas Feridas,Plena Noite,Crescente,Céu Claro,Simples,Reta,Sim,3,0,1,0,2,0,1,2,-6.00760337,-40.28674757,SPRF-CE,DEL02-CE,UOP02-DEL02-CE,07/10/2022 20:00:00,0.0,29.4,29.4,38.0,1.0,8.7,0.0
5788,449458,5/12/2022,quinta-feira,15:50:00,SC,282.0,195.5,LAGES,Acessar a via sem observar a presença dos outros veículos,Colisão lateral mesmo sentido,Com Vítimas Feridas,Pleno dia,Crescente,Céu Claro,Simples,Desvio Temporário,Não,3,0,1,0,2,0,1,2,-27.746756,-50.084789,SPRF-SC,DEL05-SC,UOP01-DEL05-SC,12/05/2022 16:00:00,0.0,16.2,14.8,58.0,2.0,5.8,1.0
30051,444913,2/11/2022,sexta-feira,4:30:00,CE,20.0,374.0,CAUCAIA,Deficiência do Sistema de Iluminação/Sinalização,Colisão traseira,Com Vítimas Feridas,Amanhecer,Decrescente,Céu Claro,Dupla,Reta,Não,2,0,1,0,0,1,1,2,-3.96120396,-38.88113804,SPRF-CE,DEL01-CE,UOP01-DEL01-CE,11/02/2022 05:00:00,0.0,23.2,27.8,95.0,46.0,3.3,0.0
45925,469088,8/19/2022,sexta-feira,18:00:00,SC,101.0,273.0,IMBITUBA,Acumulo de areia ou detritos sobre o pavimento,Colisão transversal,Com Vítimas Feridas,Anoitecer,Decrescente,Céu Claro,Dupla,Viaduto,Sim,3,0,1,0,2,0,1,2,-28.12382408,-48.69625015,SPRF-SC,DEL02-SC,UOP03-DEL02-SC,19/08/2022 18:00:00,0.0,12.2,8.4,55.0,0.0,15.1,0.0
34569,451789,5/21/2022,sábado,1:50:00,SC,,,FLORIANOPOLIS,Modificação proibida,Colisão lateral mesmo sentido,Sem Vítimas,Plena Noite,Não Informado,Nublado,Dupla,Reta,Sim,5,0,0,0,5,0,0,2,-27.60967769,-48.5374099,SPRF-SC,DEL01-SC,UOP01-DEL01-SC,21/05/2022 02:00:00,0.0,10.8,10.1,93.0,0.0,4.6,0.0
22246,415437,2/17/2022,quinta-feira,9:20:00,SC,101.0,197.0,BIGUACU,Condutor deixou de manter distância do veículo da frente,Colisão lateral mesmo sentido,Com Vítimas Feridas,Pleno dia,Crescente,Céu Claro,Múltipla,Reta,Sim,3,0,3,0,0,0,3,2,-27.51844497,-48.63848496,SPRF-SC,DEL01-SC,UOP01-DEL01-SC,17/02/2022 09:00:00,0.0,24.7,27.0,68.0,17.0,5.8,1.0
17917,407557,1/8/2022,sábado,13:00:00,MG,251.0,303.8,SALINAS,Reação tardia ou ineficiente do condutor,Saída de leito carroçável,Com Vítimas Fatais,Pleno dia,Crescente,Nublado,Simples,Curva,Não,6,1,2,2,1,0,4,1,-16.13553034,-42.26204273,SPRF-MG,DEL11-MG,UOP02-DEL11-MG,08/01/2022 13:00:00,0.3,25.8,29.4,80.0,100.0,9.0,1.0
47216,471015,8/29/2022,segunda-feira,7:30:00,RJ,40.0,100.0,DUQUE DE CAXIAS,Pista Escorregadia,Capotamento,Com Vítimas Feridas,Pleno dia,Decrescente,Garoa/Chuvisco,Simples,Curva,Não,2,0,1,0,1,0,1,1,-22.601599,-43.28062982,SPRF-RJ,DEL01-RJ,UOP01-DEL01-RJ,29/08/2022 08:00:00,1.3,17.4,17.8,93.0,100.0,12.2,1.0
4996,446119,4/23/2022,sábado,3:30:00,MG,251.0,210.0,CACHOEIRA DE PAJEU,Reação tardia ou ineficiente do condutor,Saída de leito carroçável,Sem Vítimas,Plena Noite,Decrescente,Céu Claro,Simples,Não Informado,Não,2,0,0,0,2,0,0,1,-15.889854,-41.527858,SPRF-MG,DEL11-MG,UOP02-DEL11-MG,23/04/2022 04:00:00,0.0,18.7,20.4,96.0,96.0,8.3,0.0
14366,486382,11/12/2022,sábado,19:58:00,MG,40.0,733.7,OLIVEIRA FORTES,Reação tardia ou ineficiente do condutor,Colisão traseira,Com Vítimas Feridas,Plena Noite,Crescente,Céu Claro,Dupla,Curva,Não,3,0,0,2,1,0,2,2,-21.35659703,-43.5810239,SPRF-MG,DEL05-MG,UOP01-DEL05-MG,12/11/2022 20:00:00,0.3,19.8,21.6,86.0,69.0,5.7,0.0
39607,459332,7/2/2022,sábado,23:00:00,SP,116.0,284.0,ITAPECERICA DA SERRA,Ausência de reação do condutor,Saída de leito carroçável,Sem Vítimas,Plena Noite,Decrescente,Céu Claro,Dupla,Reta,Sim,1,0,0,0,1,0,0,1,-23.69998,-46.867767,SPRF-SP,DEL04-SP,UOP01-DEL04-SP,02/07/2022 23:00:00,0.0,14.7,14.0,78.0,0.0,6.4,0.0
26402,422140,3/22/2022,terça-feira,17:30:00,SP,153.0,71.9,SAO JOSE DO RIO PRETO,Avarias e/ou desgaste excessivo no pneu,Colisão com objeto,Com Vítimas Feridas,Pleno dia,Decrescente,Céu Claro,Dupla,Reta,Sim,2,0,2,0,0,0,2,1,-20.86727322,-49.41330671,SPRF-SP,DEL09-SP,UOP01-DEL09-SP,22/03/2022 18:00:00,0.0,26.8,28.7,58.0,10.0,5.7,1.0
36694,454999,6/10/2022,sexta-feira,12:30:00,SC,470.0,54.5,BLUMENAU,Desrespeitar a preferência no cruzamento,Colisão transversal,Com Vítimas Feridas,Pleno dia,Crescente,Nublado,Simples,Interseção de vias,Sim,3,0,1,1,1,0,2,2,-26.871065,-49.110374,SPRF-SC,DEL04-SC,UOP01-DEL04-SC,10/06/2022 13:00:00,0.0,21.1,20.8,70.0,60.0,14.8,1.0
6850,453977,6/4/2022,sábado,19:40:00,MT,163.0,758.0,SORRISO,Ausência de reação do condutor,Colisão traseira,Sem Vítimas,Anoitecer,Crescente,Céu Claro,Dupla,Retorno Regulamentado,Sim,2,0,0,0,2,0,0,2,-12.50864886,-55.69283009,SPRF-MT,DEL06-MT,UOP01-DEL06-MT,04/06/2022 20:00:00,0.0,26.8,26.3,40.0,2.0,7.9,0.0
55135,483070,10/26/2022,quarta-feira,7:45:00,SC,101.0,327.0,CAPIVARI DE BAIXO,Condutor deixou de manter distância do veículo da frente,Colisão traseira,Com Vítimas Feridas,Pleno dia,Crescente,Céu Claro,Múltipla,Interseção de vias,Sim,2,0,1,0,0,1,1,2,-28.43023306,-48.95205197,SPRF-SC,DEL02-SC,UOP01-DEL02-SC,26/10/2022 08:00:00,0.0,20.8,20.2,76.0,4.0,19.1,1.0
15145,489742,11/29/2022,terça-feira,21:00:00,MG,40.0,327.0,FELIXLANDIA,Condutor deixou de manter distância do veículo da frente,Colisão traseira,Com Vítimas Feridas,Plena Noite,Crescente,Nublado,Simples,Não Informado,Não,2,0,1,0,1,0,1,2,-18.55022585,-45.02982475,SPRF-MG,DEL14-MG,UOP02-DEL14-MG,29/11/2022 21:00:00,2.2,21.4,24.0,85.0,44.0,4.3,0.0
60372,490943,12/1/2022,quinta-feira,19:40:00,BA,101.0,340.0,PRESIDENTE TANCREDO NEVES,Entrada inopinada do pedestre,Atropelamento de Pedestre,Com Vítimas Fatais,Plena Noite,Crescente,Chuva,Simples,Reta,Não,2,1,0,0,1,0,0,1,-13.50582015,-39.44641113,SPRF-BA,DEL05-BA,UOP03-DEL05-BA,01/12/2022 20:00:00,0.0,23.5,27.7,93.0,100.0,6.8,0.0
28976,443366,4/10/2022,domingo,3:00:00,PR,369.0,234.0,JANDAIA DO SUL,Ingestão de álcool pelo condutor,Saída de leito carroçável,Com Vítimas Feridas,Plena Noite,Decrescente,Nublado,Simples,Reta,Não,1,0,0,1,0,0,1,1,-23.62419429,-51.66803598,SPRF-PR,DEL09-PR,UOP01-DEL09-PR,10/04/2022 03:00:00,0.0,20.2,22.6,93.0,27.0,6.7,0.0
58397,487900,11/19/2022,sábado,20:00:00,PE,423.0,56.0,LAJEDO,Animais na Pista,Atropelamento de Animal,Com Vítimas Feridas,Plena Noite,Decrescente,Céu Claro,Simples,Reta,Não,2,0,1,0,1,0,1,1,-8.62399689,-36.3013734,SPRF-PE,DEL03-PE,UOP01-DEL03-PE,19/11/2022 20:00:00,0.0,22.8,23.7,73.0,24.0,12.6,0.0
28126,424951,4/6/2022,quarta-feira,17:30:00,MG,40.0,594.2,OURO PRETO,Reação tardia ou ineficiente do condutor,Colisão traseira,Com Vítimas Feridas,Pleno dia,Crescente,Chuva,Simples,Reta,Não,6,0,1,0,5,0,1,5,-20.39632706,-43.90313706,SPRF-MG,DEL05-MG,UOP02-DEL05-MG,06/04/2022 18:00:00,1.3,20.2,22.5,87.0,100.0,4.4,0.0
48924,473649,9/10/2022,sábado,23:50:00,SC,101.0,122.0,ITAJAI,Ingestão de álcool pelo condutor,Colisão traseira,Sem Vítimas,Plena Noite,Decrescente,Céu Claro,Múltipla,Reta,Não,2,0,0,0,2,0,0,2,-26.92938773,-48.7048173,SPRF-SC,DEL04-SC,UOP04-DEL04-SC,11/09/2022 00:00:00,0.0,14.6,13.1,74.0,56.0,10.0,0.0
42056,463157,7/22/2022,sexta-feira,6:30:00,MG,40.0,547.5,NOVA LIMA,Condutor deixou de manter distância do veículo da frente,Queda de ocupante de veículo,Com Vítimas Feridas,Pleno dia,Crescente,Céu Claro,Dupla,Não Informado,Sim,1,0,1,0,0,0,1,1,-20.02252424,-43.97026042,SPRF-MG,DEL01-MG,UOP02-DEL01-MG,22/07/2022 07:00:00,0.0,10.3,9.5,91.0,23.0,3.6,1.0
59038,488961,11/27/2022,domingo,1:05:00,PR,369.0,209.0,APUCARANA,Ausência de reação do condutor,Saída de leito carroçável,Com Vítimas Feridas,Plena Noite,Crescente,Céu Claro,Simples,Não Informado,Não,1,0,1,0,0,0,1,1,-23.56521367,-51.50410613,SPRF-PR,DEL07-PR,UOP03-DEL07-PR,27/11/2022 01:00:00,0.0,18.1,17.6,80.0,19.0,14.3,0.0
33773,450555,5/18/2022,quarta-feira,10:00:00,RJ,116.0,172.9,MESQUITA,Reação tardia ou ineficiente do condutor,Colisão lateral mesmo sentido,Com Vítimas Feridas,Pleno dia,Decrescente,Céu Claro,Dupla,Viaduto,Não,3,0,1,0,2,0,1,1,-22.77419717,-43.40220809,SPRF-RJ,DEL01-RJ,UOP02-DEL01-RJ,18/05/2022 10:00:00,0.0,18.8,15.2,40.0,0.0,17.6,1.0
43784,465786,8/3/2022,quarta-feira,13:45:00,RS,116.0,245.0,SAO LEOPOLDO,Condutor deixou de manter distância do veículo da frente,Colisão traseira,Com Vítimas Feridas,Pleno dia,Crescente,Céu Claro,Dupla,Reta,Sim,2,0,0,1,1,0,1,2,-29.74980902,-51.15125361,SPRF-RS,DEL01-RS,UOP02-DEL01-RS,03/08/2022 14:00:00,0.0,25.5,27.8,68.0,17.0,9.1,1.0
6234,451470,5/23/2022,segunda-feira,5:30:00,SP,116.0,17.0,LAVRINHAS,Ausência de reação do condutor,Saída de leito carroçável,Com Vítimas Feridas,Amanhecer,Crescente,Nevoeiro/Neblina,Dupla,Reta,Não,2,0,2,0,0,0,2,1,-22.55763946,-44.84739708,SPRF-SP,DEL08-SP,UOP02-DEL08-SP,23/05/2022 06:00:00,0.0,12.6,12.1,88.0,0.0,4.7,0.0
26624,422524,2/4/2022,sexta-feira,6:20:00,CE,20.0,431.0,FORTALEZA,Acessar a via sem observar a presença dos outros veículos,Colisão transversal,Com Vítimas Feridas,Pleno dia,Crescente,Chuva,Dupla,Reta,Sim,2,0,0,1,1,0,1,2,-3.76999035,-38.67006282,SPRF-CE,DEL01-CE,UOP02-DEL01-CE,04/02/2022 06:00:00,0.0,24.9,28.6,91.0,90.0,13.5,1.0
55857,484058,10/30/2022,domingo,22:00:00,RS,468.0,87.0,CAMPO NOVO,Transitar na contramão,Colisão frontal,Com Vítimas Feridas,Plena Noite,Crescente,Nevoeiro/Neblina,Simples,Reta,Não,7,0,3,3,1,0,6,3,-27.56481925,-53.85987282,SPRF-RS,DEL08-RS,UOP02-DEL08-RS,30/10/2022 22:00:00,0.0,20.1,22.9,96.0,7.0,5.4,0.0
32497,448627,5/8/2022,domingo,15:15:00,SC,101.0,458.0,SAO JOAO DO SUL,Ausência de reação do condutor,Engavetamento,Sem Vítimas,Pleno dia,Crescente,Céu Claro,Simples,Reta,Não,9,0,0,0,9,0,0,3,-29.24075694,-49.75535784,SPRF-SC,DEL02-SC,UOP02-DEL02-SC,08/05/2022 15:00:00,0.0,19.5,18.5,69.0,20.0,15.5,1.0
58092,487440,11/17/2022,quinta-feira,17:00:00,SP,116.0,5.0,GUARULHOS,Ausência de reação do condutor,Colisão transversal,Com Vítimas Feridas,Pleno dia,Decrescente,Céu Claro,Dupla,Reta,Sim,2,0,1,0,1,0,1,2,-23.463257,-46.53373,SPRF-SP,DEL01-SP,UOP01-DEL01-SP,17/11/2022 17:00:00,0.0,20.3,18.0,60.0,3.0,20.1,1.0